
-- create database shopshoe;
use shopshoe;



--
-- Table structure for table `shoetype`
--


CREATE TABLE `shoetype` (
  `id` int NOT NULL AUTO_INCREMENT,
  `name` varchar(200) NOT NULL,
  PRIMARY KEY (`id`),
  UNIQUE KEY `name` (`name`)
) ENGINE=InnoDB AUTO_INCREMENT=3 DEFAULT CHARSET=utf8mb4 ;


--
-- Dumping data for table `shoetype`
--


INSERT INTO `shoetype` VALUES (1,'Giày cỏ nhân tạo'),(2,'Giày futsal');



--
-- Table structure for table `category`
--


CREATE TABLE `category` (
  `id` int NOT NULL AUTO_INCREMENT,
  `name` varchar(200) NOT NULL,
  `shoetype_id` int NOT NULL,
  PRIMARY KEY (`id`),
  KEY `u_shoetype` (`shoetype_id`),
  CONSTRAINT `u_shoetype` FOREIGN KEY (`shoetype_id`) REFERENCES `shoetype` (`id`)
) ENGINE=InnoDB AUTO_INCREMENT=9 DEFAULT CHARSET=utf8mb4 ;


--
-- Dumping data for table `category`
--


INSERT INTO `category` VALUES (1,'Adidas',1),(2,'Nike',1),(3,'Puma nha',2),(4,'Kamito',2),(5,'Asics',2),(6,'Joma',2),(7,'Nike',2),(8,'Ronaldo',1);


--
-- Table structure for table `product`
--


CREATE TABLE `product` (
  `id` int NOT NULL AUTO_INCREMENT,
  `name` varchar(500) NOT NULL,
  `short_description` varchar(600)  DEFAULT NULL,
  `price` double DEFAULT NULL,
  `discount` double DEFAULT NULL,
  `quantity` int DEFAULT '0',
  `thumbnail` varchar(500) DEFAULT NULL,
  `description` longtext,
  `is_featured` tinyint DEFAULT NULL,
  `status` int DEFAULT '0',
  `category_id` int DEFAULT NULL,
  `create_at` datetime NOT NULL,
  `update_at` datetime NOT NULL,
  PRIMARY KEY (`id`),
  KEY `category_id` (`category_id`),
  CONSTRAINT `category_id` FOREIGN KEY (`category_id`) REFERENCES `category` (`id`)
) ENGINE=InnoDB AUTO_INCREMENT=60 DEFAULT CHARSET=utf8mb4 ;


--
-- Dumping data for table `product`
--


INSERT INTO `product` VALUES (1,'ADIDAS X CRAZYFAST.1 TF - IE6632 -TRẮNG/VÀNG CHANH','Thông số kỹ thuật:',3500000,3000000,5,'https://product.hstatic.net/200000278317/product/giay-da-bong-adidas-x-crazyfast-1-tf-ie6632-trang-vang-chanh-1_d9f2ceaa464045a5b84d574678079151.jpg','ADIDAS X CRAZYFAST.1 TF - GIÀY ĐÁ BÓNG SÂN CỎ NHÂN TẠO',1,0,1,'2023-08-06 22:01:41','2023-08-06 22:01:41'),(2,'ADIDAS X CRAZYFAST.1 TF - IE6632 -TRẮNG/VÀNG CHANH','Thông số kỹ thuật:',3500000,3000000,6,'https://product.hstatic.net/200000278317/product/giay-da-bong-adidas-x-crazyfast-1-tf-ie6632-trang-vang-chanh-1_d9f2ceaa464045a5b84d574678079151.jpg','ADIDAS X CRAZYFAST.1 TF - GIÀY ĐÁ BÓNG SÂN CỎ NHÂN TẠO',1,0,1,'2023-08-06 22:01:42','2023-08-06 22:01:42'),(3,'ADIDAS X CRAZYFAST.1 TF - IE6632 -TRẮNG/VÀNG CHANH','Thông số kỹ thuật:',3500000,3000000,7,'https://product.hstatic.net/200000278317/product/giay-da-bong-adidas-x-crazyfast-1-tf-ie6632-trang-vang-chanh-1_d9f2ceaa464045a5b84d574678079151.jpg','ADIDAS X CRAZYFAST.1 TF - GIÀY ĐÁ BÓNG SÂN CỎ NHÂN TẠO',1,0,1,'2023-08-06 22:01:44','2023-08-06 22:01:44'),(4,'ADIDAS X CRAZYFAST.1 TF - IE6632 -TRẮNG/VÀNG CHANH','Thông số kỹ thuật:',3500000,3000000,6,'https://product.hstatic.net/200000278317/product/giay-da-bong-adidas-x-crazyfast-1-tf-ie6632-trang-vang-chanh-1_d9f2ceaa464045a5b84d574678079151.jpg','ADIDAS X CRAZYFAST.1 TF - GIÀY ĐÁ BÓNG SÂN CỎ NHÂN TẠO',1,0,1,'2023-08-06 22:01:44','2023-08-06 22:01:44'),(5,'ADIDAS X CRAZYFAST.1 TF - IE6632 -TRẮNG/VÀNG CHANH','Thông số kỹ thuật:',3500000,3000000,9,'https://product.hstatic.net/200000278317/product/giay-da-bong-adidas-x-crazyfast-1-tf-ie6632-trang-vang-chanh-1_d9f2ceaa464045a5b84d574678079151.jpg','ADIDAS X CRAZYFAST.1 TF - GIÀY ĐÁ BÓNG SÂN CỎ NHÂN TẠO',1,0,1,'2023-08-06 22:01:45','2023-08-06 22:01:45'),(6,'Nike X CRAZYFAST.1 TF - IE6632 -TRẮNG/VÀNG CHANH','Thông số kỹ thuật:',3500000,3000000,9,'https://product.hstatic.net/200000278317/product/giay-da-bong-nike-react-phantom-gx-pro-tf-dd9466-600-do-den-1_09b816e96b604670b553ea0750d4c09d_master.jpg','NIKE REACT PHANTOM GX PRO TF - GIÀY ĐÁ BÓNG SÂN CỎ NHÂN TẠO\nNâng tầm kỹ năng của bạn cùng mẫu giày đá banh NIKE REACT PHANTOM GX PRO TF hoàn toàn mới! Là bản nâng cấp hoàn toàn mới của Phantom GT 2, Phantom GX sẽ là đôi giày hoàn hảo dành cho những ai tìm kiếm sự chính xác tuyệt đối trên sân. \nThông số kỹ thuật:\nNIKE REACT PHANTOM GX PRO TF là mẫu giày đá banh đế TF dành cho sân cỏ nhân tạo 5-7 người. \nPhần upper làm từ da tổng hợp siêu mềm với cấu trúc tương tự sợi dệt giúp đem lại cảm giác bóng thật chân hơn cho người mang.  \nTương tự như các thế hệ tiền nhiệm, trên bề mặt Phantom GX Pro TF được trang bị thêm lớp phủ NikeSkin giúp tăng độ bám bóng, từ đó có thể kiểm soát và rê bóng tốt hơn ở bất kỳ điều kiện thời tiết. \nHệ thống dây giày được thiết kế lệch về phía má ngoài nhằm mở rộng diện tích sút và chuyền bóng.\nLưỡi gà và cổ giày được làm từ sợi dệt với độ co giãn cao, mang đến sự ôm chân chắc chắn nhưng không kém phần thoải mái.\nLớp đệm gót giày với chất liệu vải nhung êm mịn, tạo cảm giác ôm chân vừa vặn và thoải mái. Khung bọc gót được làm mềm hơn trước giúp hỗ trợ tốt hơn cho quá trình break-in. Đồng thời, chúng còn làm giảm áp lực tác động lên khu vực gót chân người mang mà không gây ảnh hưởng đến cấu trúc và sự ổn định của đôi giày.\n',1,0,2,'2023-08-06 22:03:55','2023-08-06 22:03:55'),(7,'Nike X CRAZYFAST.1 TF - IE6632 -TRẮNG/VÀNG CHANH','Thông số kỹ thuật:',3500000,3000000,10,'https://product.hstatic.net/200000278317/product/giay-da-bong-nike-react-phantom-gx-pro-tf-dd9466-600-do-den-1_09b816e96b604670b553ea0750d4c09d_master.jpg','NIKE REACT PHANTOM GX PRO TF - GIÀY ĐÁ BÓNG SÂN CỎ NHÂN TẠO\nNâng tầm kỹ năng của bạn cùng mẫu giày đá banh NIKE REACT PHANTOM GX PRO TF hoàn toàn mới! Là bản nâng cấp hoàn toàn mới của Phantom GT 2, Phantom GX sẽ là đôi giày hoàn hảo dành cho những ai tìm kiếm sự chính xác tuyệt đối trên sân. \nThông số kỹ thuật:\nNIKE REACT PHANTOM GX PRO TF là mẫu giày đá banh đế TF dành cho sân cỏ nhân tạo 5-7 người. \nPhần upper làm từ da tổng hợp siêu mềm với cấu trúc tương tự sợi dệt giúp đem lại cảm giác bóng thật chân hơn cho người mang.  \nTương tự như các thế hệ tiền nhiệm, trên bề mặt Phantom GX Pro TF được trang bị thêm lớp phủ NikeSkin giúp tăng độ bám bóng, từ đó có thể kiểm soát và rê bóng tốt hơn ở bất kỳ điều kiện thời tiết. \nHệ thống dây giày được thiết kế lệch về phía má ngoài nhằm mở rộng diện tích sút và chuyền bóng.\nLưỡi gà và cổ giày được làm từ sợi dệt với độ co giãn cao, mang đến sự ôm chân chắc chắn nhưng không kém phần thoải mái.\nLớp đệm gót giày với chất liệu vải nhung êm mịn, tạo cảm giác ôm chân vừa vặn và thoải mái. Khung bọc gót được làm mềm hơn trước giúp hỗ trợ tốt hơn cho quá trình break-in. Đồng thời, chúng còn làm giảm áp lực tác động lên khu vực gót chân người mang mà không gây ảnh hưởng đến cấu trúc và sự ổn định của đôi giày.\n',1,0,2,'2023-08-06 22:03:56','2023-08-06 22:03:56'),(8,'Nike X CRAZYFAST.1 TF - IE6632 -TRẮNG/VÀNG CHANH','Thông số kỹ thuật:',3500000,3000000,10,'https://product.hstatic.net/200000278317/product/giay-da-bong-nike-react-phantom-gx-pro-tf-dd9466-600-do-den-1_09b816e96b604670b553ea0750d4c09d_master.jpg','NIKE REACT PHANTOM GX PRO TF - GIÀY ĐÁ BÓNG SÂN CỎ NHÂN TẠO\nNâng tầm kỹ năng của bạn cùng mẫu giày đá banh NIKE REACT PHANTOM GX PRO TF hoàn toàn mới! Là bản nâng cấp hoàn toàn mới của Phantom GT 2, Phantom GX sẽ là đôi giày hoàn hảo dành cho những ai tìm kiếm sự chính xác tuyệt đối trên sân. \nThông số kỹ thuật:\nNIKE REACT PHANTOM GX PRO TF là mẫu giày đá banh đế TF dành cho sân cỏ nhân tạo 5-7 người. \nPhần upper làm từ da tổng hợp siêu mềm với cấu trúc tương tự sợi dệt giúp đem lại cảm giác bóng thật chân hơn cho người mang.  \nTương tự như các thế hệ tiền nhiệm, trên bề mặt Phantom GX Pro TF được trang bị thêm lớp phủ NikeSkin giúp tăng độ bám bóng, từ đó có thể kiểm soát và rê bóng tốt hơn ở bất kỳ điều kiện thời tiết. \nHệ thống dây giày được thiết kế lệch về phía má ngoài nhằm mở rộng diện tích sút và chuyền bóng.\nLưỡi gà và cổ giày được làm từ sợi dệt với độ co giãn cao, mang đến sự ôm chân chắc chắn nhưng không kém phần thoải mái.\nLớp đệm gót giày với chất liệu vải nhung êm mịn, tạo cảm giác ôm chân vừa vặn và thoải mái. Khung bọc gót được làm mềm hơn trước giúp hỗ trợ tốt hơn cho quá trình break-in. Đồng thời, chúng còn làm giảm áp lực tác động lên khu vực gót chân người mang mà không gây ảnh hưởng đến cấu trúc và sự ổn định của đôi giày.\n',1,0,2,'2023-08-06 22:03:57','2023-08-06 22:03:57'),(9,'Puma X CRAZYFAST.1 TF - IE6632 -TRẮNG/VÀNG CHANH','Thông số kỹ thuật:',3500000,3000000,10,'https://product.hstatic.net/200000278317/product/giay-da-bong-nike-react-phantom-gx-pro-tf-dd9466-600-do-den-1_09b816e96b604670b553ea0750d4c09d_master.jpg','NIKE REACT PHANTOM GX PRO TF - GIÀY ĐÁ BÓNG SÂN CỎ NHÂN TẠO\nNâng tầm kỹ năng của bạn cùng mẫu giày đá banh NIKE REACT PHANTOM GX PRO TF hoàn toàn mới! Là bản nâng cấp hoàn toàn mới của Phantom GT 2, Phantom GX sẽ là đôi giày hoàn hảo dành cho những ai tìm kiếm sự chính xác tuyệt đối trên sân. \nThông số kỹ thuật:\nNIKE REACT PHANTOM GX PRO TF là mẫu giày đá banh đế TF dành cho sân cỏ nhân tạo 5-7 người. \nPhần upper làm từ da tổng hợp siêu mềm với cấu trúc tương tự sợi dệt giúp đem lại cảm giác bóng thật chân hơn cho người mang.  \nTương tự như các thế hệ tiền nhiệm, trên bề mặt Phantom GX Pro TF được trang bị thêm lớp phủ NikeSkin giúp tăng độ bám bóng, từ đó có thể kiểm soát và rê bóng tốt hơn ở bất kỳ điều kiện thời tiết. \nHệ thống dây giày được thiết kế lệch về phía má ngoài nhằm mở rộng diện tích sút và chuyền bóng.\nLưỡi gà và cổ giày được làm từ sợi dệt với độ co giãn cao, mang đến sự ôm chân chắc chắn nhưng không kém phần thoải mái.\nLớp đệm gót giày với chất liệu vải nhung êm mịn, tạo cảm giác ôm chân vừa vặn và thoải mái. Khung bọc gót được làm mềm hơn trước giúp hỗ trợ tốt hơn cho quá trình break-in. Đồng thời, chúng còn làm giảm áp lực tác động lên khu vực gót chân người mang mà không gây ảnh hưởng đến cấu trúc và sự ổn định của đôi giày.\n',1,0,3,'2023-08-06 22:04:12','2023-08-06 22:04:12'),(10,'Puma X CRAZYFAST.1 TF - IE6632 -TRẮNG/VÀNG CHANH','Thông số kỹ thuật:',3500000,3000000,10,'https://product.hstatic.net/200000278317/product/giay-da-bong-nike-react-phantom-gx-pro-tf-dd9466-600-do-den-1_09b816e96b604670b553ea0750d4c09d_master.jpg','NIKE REACT PHANTOM GX PRO TF - GIÀY ĐÁ BÓNG SÂN CỎ NHÂN TẠO\nNâng tầm kỹ năng của bạn cùng mẫu giày đá banh NIKE REACT PHANTOM GX PRO TF hoàn toàn mới! Là bản nâng cấp hoàn toàn mới của Phantom GT 2, Phantom GX sẽ là đôi giày hoàn hảo dành cho những ai tìm kiếm sự chính xác tuyệt đối trên sân. \nThông số kỹ thuật:\nNIKE REACT PHANTOM GX PRO TF là mẫu giày đá banh đế TF dành cho sân cỏ nhân tạo 5-7 người. \nPhần upper làm từ da tổng hợp siêu mềm với cấu trúc tương tự sợi dệt giúp đem lại cảm giác bóng thật chân hơn cho người mang.  \nTương tự như các thế hệ tiền nhiệm, trên bề mặt Phantom GX Pro TF được trang bị thêm lớp phủ NikeSkin giúp tăng độ bám bóng, từ đó có thể kiểm soát và rê bóng tốt hơn ở bất kỳ điều kiện thời tiết. \nHệ thống dây giày được thiết kế lệch về phía má ngoài nhằm mở rộng diện tích sút và chuyền bóng.\nLưỡi gà và cổ giày được làm từ sợi dệt với độ co giãn cao, mang đến sự ôm chân chắc chắn nhưng không kém phần thoải mái.\nLớp đệm gót giày với chất liệu vải nhung êm mịn, tạo cảm giác ôm chân vừa vặn và thoải mái. Khung bọc gót được làm mềm hơn trước giúp hỗ trợ tốt hơn cho quá trình break-in. Đồng thời, chúng còn làm giảm áp lực tác động lên khu vực gót chân người mang mà không gây ảnh hưởng đến cấu trúc và sự ổn định của đôi giày.\n',1,0,3,'2023-08-06 22:04:12','2023-08-06 22:04:12'),(11,'Puma X CRAZYFAST.1 TF - IE6632 -TRẮNG/VÀNG CHANH','Thông số kỹ thuật:',3500000,3000000,9,'https://product.hstatic.net/200000278317/product/giay-da-bong-nike-react-phantom-gx-pro-tf-dd9466-600-do-den-1_09b816e96b604670b553ea0750d4c09d_master.jpg','NIKE REACT PHANTOM GX PRO TF - GIÀY ĐÁ BÓNG SÂN CỎ NHÂN TẠO\nNâng tầm kỹ năng của bạn cùng mẫu giày đá banh NIKE REACT PHANTOM GX PRO TF hoàn toàn mới! Là bản nâng cấp hoàn toàn mới của Phantom GT 2, Phantom GX sẽ là đôi giày hoàn hảo dành cho những ai tìm kiếm sự chính xác tuyệt đối trên sân. \nThông số kỹ thuật:\nNIKE REACT PHANTOM GX PRO TF là mẫu giày đá banh đế TF dành cho sân cỏ nhân tạo 5-7 người. \nPhần upper làm từ da tổng hợp siêu mềm với cấu trúc tương tự sợi dệt giúp đem lại cảm giác bóng thật chân hơn cho người mang.  \nTương tự như các thế hệ tiền nhiệm, trên bề mặt Phantom GX Pro TF được trang bị thêm lớp phủ NikeSkin giúp tăng độ bám bóng, từ đó có thể kiểm soát và rê bóng tốt hơn ở bất kỳ điều kiện thời tiết. \nHệ thống dây giày được thiết kế lệch về phía má ngoài nhằm mở rộng diện tích sút và chuyền bóng.\nLưỡi gà và cổ giày được làm từ sợi dệt với độ co giãn cao, mang đến sự ôm chân chắc chắn nhưng không kém phần thoải mái.\nLớp đệm gót giày với chất liệu vải nhung êm mịn, tạo cảm giác ôm chân vừa vặn và thoải mái. Khung bọc gót được làm mềm hơn trước giúp hỗ trợ tốt hơn cho quá trình break-in. Đồng thời, chúng còn làm giảm áp lực tác động lên khu vực gót chân người mang mà không gây ảnh hưởng đến cấu trúc và sự ổn định của đôi giày.\n',1,0,3,'2023-08-06 22:04:13','2023-08-06 22:04:13'),(12,'Puma X CRAZYFAST.1 TF - IE6632 -TRẮNG/VÀNG CHANH','Thông số kỹ thuật:',3500000,3000000,10,'https://product.hstatic.net/200000278317/product/giay-da-bong-nike-react-phantom-gx-pro-tf-dd9466-600-do-den-1_09b816e96b604670b553ea0750d4c09d_master.jpg','NIKE REACT PHANTOM GX PRO TF - GIÀY ĐÁ BÓNG SÂN CỎ NHÂN TẠO\nNâng tầm kỹ năng của bạn cùng mẫu giày đá banh NIKE REACT PHANTOM GX PRO TF hoàn toàn mới! Là bản nâng cấp hoàn toàn mới của Phantom GT 2, Phantom GX sẽ là đôi giày hoàn hảo dành cho những ai tìm kiếm sự chính xác tuyệt đối trên sân. \nThông số kỹ thuật:\nNIKE REACT PHANTOM GX PRO TF là mẫu giày đá banh đế TF dành cho sân cỏ nhân tạo 5-7 người. \nPhần upper làm từ da tổng hợp siêu mềm với cấu trúc tương tự sợi dệt giúp đem lại cảm giác bóng thật chân hơn cho người mang.  \nTương tự như các thế hệ tiền nhiệm, trên bề mặt Phantom GX Pro TF được trang bị thêm lớp phủ NikeSkin giúp tăng độ bám bóng, từ đó có thể kiểm soát và rê bóng tốt hơn ở bất kỳ điều kiện thời tiết. \nHệ thống dây giày được thiết kế lệch về phía má ngoài nhằm mở rộng diện tích sút và chuyền bóng.\nLưỡi gà và cổ giày được làm từ sợi dệt với độ co giãn cao, mang đến sự ôm chân chắc chắn nhưng không kém phần thoải mái.\nLớp đệm gót giày với chất liệu vải nhung êm mịn, tạo cảm giác ôm chân vừa vặn và thoải mái. Khung bọc gót được làm mềm hơn trước giúp hỗ trợ tốt hơn cho quá trình break-in. Đồng thời, chúng còn làm giảm áp lực tác động lên khu vực gót chân người mang mà không gây ảnh hưởng đến cấu trúc và sự ổn định của đôi giày.\n',1,0,3,'2023-08-06 22:04:13','2023-08-06 22:04:13'),(13,'Puma X CRAZYFAST.1 TF - IE6632 -TRẮNG/VÀNG CHANH','Thông số kỹ thuật:',3500000,3000000,10,'https://product.hstatic.net/200000278317/product/giay-da-bong-nike-react-phantom-gx-pro-tf-dd9466-600-do-den-1_09b816e96b604670b553ea0750d4c09d_master.jpg','NIKE REACT PHANTOM GX PRO TF - GIÀY ĐÁ BÓNG SÂN CỎ NHÂN TẠO\nNâng tầm kỹ năng của bạn cùng mẫu giày đá banh NIKE REACT PHANTOM GX PRO TF hoàn toàn mới! Là bản nâng cấp hoàn toàn mới của Phantom GT 2, Phantom GX sẽ là đôi giày hoàn hảo dành cho những ai tìm kiếm sự chính xác tuyệt đối trên sân. \nThông số kỹ thuật:\nNIKE REACT PHANTOM GX PRO TF là mẫu giày đá banh đế TF dành cho sân cỏ nhân tạo 5-7 người. \nPhần upper làm từ da tổng hợp siêu mềm với cấu trúc tương tự sợi dệt giúp đem lại cảm giác bóng thật chân hơn cho người mang.  \nTương tự như các thế hệ tiền nhiệm, trên bề mặt Phantom GX Pro TF được trang bị thêm lớp phủ NikeSkin giúp tăng độ bám bóng, từ đó có thể kiểm soát và rê bóng tốt hơn ở bất kỳ điều kiện thời tiết. \nHệ thống dây giày được thiết kế lệch về phía má ngoài nhằm mở rộng diện tích sút và chuyền bóng.\nLưỡi gà và cổ giày được làm từ sợi dệt với độ co giãn cao, mang đến sự ôm chân chắc chắn nhưng không kém phần thoải mái.\nLớp đệm gót giày với chất liệu vải nhung êm mịn, tạo cảm giác ôm chân vừa vặn và thoải mái. Khung bọc gót được làm mềm hơn trước giúp hỗ trợ tốt hơn cho quá trình break-in. Đồng thời, chúng còn làm giảm áp lực tác động lên khu vực gót chân người mang mà không gây ảnh hưởng đến cấu trúc và sự ổn định của đôi giày.\n',1,0,3,'2023-08-06 22:04:13','2023-08-06 22:04:13'),(14,'Kamito X CRAZYFAST.1 TF - IE6632 -TRẮNG/VÀNG CHANH','Thông số kỹ thuật:',3500000,3000000,10,'https://product.hstatic.net/200000278317/product/giay-da-bong-nike-react-phantom-gx-pro-tf-dd9466-600-do-den-1_09b816e96b604670b553ea0750d4c09d_master.jpg','NIKE REACT PHANTOM GX PRO TF - GIÀY ĐÁ BÓNG SÂN CỎ NHÂN TẠO\nNâng tầm kỹ năng của bạn cùng mẫu giày đá banh NIKE REACT PHANTOM GX PRO TF hoàn toàn mới! Là bản nâng cấp hoàn toàn mới của Phantom GT 2, Phantom GX sẽ là đôi giày hoàn hảo dành cho những ai tìm kiếm sự chính xác tuyệt đối trên sân. \nThông số kỹ thuật:\nNIKE REACT PHANTOM GX PRO TF là mẫu giày đá banh đế TF dành cho sân cỏ nhân tạo 5-7 người. \nPhần upper làm từ da tổng hợp siêu mềm với cấu trúc tương tự sợi dệt giúp đem lại cảm giác bóng thật chân hơn cho người mang.  \nTương tự như các thế hệ tiền nhiệm, trên bề mặt Phantom GX Pro TF được trang bị thêm lớp phủ NikeSkin giúp tăng độ bám bóng, từ đó có thể kiểm soát và rê bóng tốt hơn ở bất kỳ điều kiện thời tiết. \nHệ thống dây giày được thiết kế lệch về phía má ngoài nhằm mở rộng diện tích sút và chuyền bóng.\nLưỡi gà và cổ giày được làm từ sợi dệt với độ co giãn cao, mang đến sự ôm chân chắc chắn nhưng không kém phần thoải mái.\nLớp đệm gót giày với chất liệu vải nhung êm mịn, tạo cảm giác ôm chân vừa vặn và thoải mái. Khung bọc gót được làm mềm hơn trước giúp hỗ trợ tốt hơn cho quá trình break-in. Đồng thời, chúng còn làm giảm áp lực tác động lên khu vực gót chân người mang mà không gây ảnh hưởng đến cấu trúc và sự ổn định của đôi giày.\n',1,0,3,'2023-08-06 22:04:26','2023-08-06 22:04:26'),(15,'Kamito X CRAZYFAST.1 TF - IE6632 -TRẮNG/VÀNG CHANH','Thông số kỹ thuật:',3500000,3000000,10,'https://product.hstatic.net/200000278317/product/giay-da-bong-nike-react-phantom-gx-pro-tf-dd9466-600-do-den-1_09b816e96b604670b553ea0750d4c09d_master.jpg','NIKE REACT PHANTOM GX PRO TF - GIÀY ĐÁ BÓNG SÂN CỎ NHÂN TẠO\nNâng tầm kỹ năng của bạn cùng mẫu giày đá banh NIKE REACT PHANTOM GX PRO TF hoàn toàn mới! Là bản nâng cấp hoàn toàn mới của Phantom GT 2, Phantom GX sẽ là đôi giày hoàn hảo dành cho những ai tìm kiếm sự chính xác tuyệt đối trên sân. \nThông số kỹ thuật:\nNIKE REACT PHANTOM GX PRO TF là mẫu giày đá banh đế TF dành cho sân cỏ nhân tạo 5-7 người. \nPhần upper làm từ da tổng hợp siêu mềm với cấu trúc tương tự sợi dệt giúp đem lại cảm giác bóng thật chân hơn cho người mang.  \nTương tự như các thế hệ tiền nhiệm, trên bề mặt Phantom GX Pro TF được trang bị thêm lớp phủ NikeSkin giúp tăng độ bám bóng, từ đó có thể kiểm soát và rê bóng tốt hơn ở bất kỳ điều kiện thời tiết. \nHệ thống dây giày được thiết kế lệch về phía má ngoài nhằm mở rộng diện tích sút và chuyền bóng.\nLưỡi gà và cổ giày được làm từ sợi dệt với độ co giãn cao, mang đến sự ôm chân chắc chắn nhưng không kém phần thoải mái.\nLớp đệm gót giày với chất liệu vải nhung êm mịn, tạo cảm giác ôm chân vừa vặn và thoải mái. Khung bọc gót được làm mềm hơn trước giúp hỗ trợ tốt hơn cho quá trình break-in. Đồng thời, chúng còn làm giảm áp lực tác động lên khu vực gót chân người mang mà không gây ảnh hưởng đến cấu trúc và sự ổn định của đôi giày.\n',1,0,3,'2023-08-06 22:04:27','2023-08-06 22:04:27'),(16,'Kamito X CRAZYFAST.1 TF - IE6632 -TRẮNG/VÀNG CHANH','Thông số kỹ thuật:',3500000,3000000,10,'https://product.hstatic.net/200000278317/product/giay-da-bong-nike-react-phantom-gx-pro-tf-dd9466-600-do-den-1_09b816e96b604670b553ea0750d4c09d_master.jpg','NIKE REACT PHANTOM GX PRO TF - GIÀY ĐÁ BÓNG SÂN CỎ NHÂN TẠO\nNâng tầm kỹ năng của bạn cùng mẫu giày đá banh NIKE REACT PHANTOM GX PRO TF hoàn toàn mới! Là bản nâng cấp hoàn toàn mới của Phantom GT 2, Phantom GX sẽ là đôi giày hoàn hảo dành cho những ai tìm kiếm sự chính xác tuyệt đối trên sân. \nThông số kỹ thuật:\nNIKE REACT PHANTOM GX PRO TF là mẫu giày đá banh đế TF dành cho sân cỏ nhân tạo 5-7 người. \nPhần upper làm từ da tổng hợp siêu mềm với cấu trúc tương tự sợi dệt giúp đem lại cảm giác bóng thật chân hơn cho người mang.  \nTương tự như các thế hệ tiền nhiệm, trên bề mặt Phantom GX Pro TF được trang bị thêm lớp phủ NikeSkin giúp tăng độ bám bóng, từ đó có thể kiểm soát và rê bóng tốt hơn ở bất kỳ điều kiện thời tiết. \nHệ thống dây giày được thiết kế lệch về phía má ngoài nhằm mở rộng diện tích sút và chuyền bóng.\nLưỡi gà và cổ giày được làm từ sợi dệt với độ co giãn cao, mang đến sự ôm chân chắc chắn nhưng không kém phần thoải mái.\nLớp đệm gót giày với chất liệu vải nhung êm mịn, tạo cảm giác ôm chân vừa vặn và thoải mái. Khung bọc gót được làm mềm hơn trước giúp hỗ trợ tốt hơn cho quá trình break-in. Đồng thời, chúng còn làm giảm áp lực tác động lên khu vực gót chân người mang mà không gây ảnh hưởng đến cấu trúc và sự ổn định của đôi giày.\n',1,0,3,'2023-08-06 22:04:27','2023-08-06 22:04:27'),(17,'Kamito X CRAZYFAST.1 TF - IE6632 -TRẮNG/VÀNG CHANH','Thông số kỹ thuật:',3500000,3000000,10,'https://product.hstatic.net/200000278317/product/giay-da-bong-nike-react-phantom-gx-pro-tf-dd9466-600-do-den-1_09b816e96b604670b553ea0750d4c09d_master.jpg','NIKE REACT PHANTOM GX PRO TF - GIÀY ĐÁ BÓNG SÂN CỎ NHÂN TẠO\nNâng tầm kỹ năng của bạn cùng mẫu giày đá banh NIKE REACT PHANTOM GX PRO TF hoàn toàn mới! Là bản nâng cấp hoàn toàn mới của Phantom GT 2, Phantom GX sẽ là đôi giày hoàn hảo dành cho những ai tìm kiếm sự chính xác tuyệt đối trên sân. \nThông số kỹ thuật:\nNIKE REACT PHANTOM GX PRO TF là mẫu giày đá banh đế TF dành cho sân cỏ nhân tạo 5-7 người. \nPhần upper làm từ da tổng hợp siêu mềm với cấu trúc tương tự sợi dệt giúp đem lại cảm giác bóng thật chân hơn cho người mang.  \nTương tự như các thế hệ tiền nhiệm, trên bề mặt Phantom GX Pro TF được trang bị thêm lớp phủ NikeSkin giúp tăng độ bám bóng, từ đó có thể kiểm soát và rê bóng tốt hơn ở bất kỳ điều kiện thời tiết. \nHệ thống dây giày được thiết kế lệch về phía má ngoài nhằm mở rộng diện tích sút và chuyền bóng.\nLưỡi gà và cổ giày được làm từ sợi dệt với độ co giãn cao, mang đến sự ôm chân chắc chắn nhưng không kém phần thoải mái.\nLớp đệm gót giày với chất liệu vải nhung êm mịn, tạo cảm giác ôm chân vừa vặn và thoải mái. Khung bọc gót được làm mềm hơn trước giúp hỗ trợ tốt hơn cho quá trình break-in. Đồng thời, chúng còn làm giảm áp lực tác động lên khu vực gót chân người mang mà không gây ảnh hưởng đến cấu trúc và sự ổn định của đôi giày.\n',1,0,3,'2023-08-06 22:04:28','2023-08-06 22:04:28'),(18,'Asics X CRAZYFAST.1 TF - IE6632 -TRẮNG/VÀNG CHANH','Thông số kỹ thuật:',3500000,3000000,10,'https://product.hstatic.net/200000278317/product/giay-da-bong-nike-react-phantom-gx-pro-tf-dd9466-600-do-den-1_09b816e96b604670b553ea0750d4c09d_master.jpg','NIKE REACT PHANTOM GX PRO TF - GIÀY ĐÁ BÓNG SÂN CỎ NHÂN TẠO\nNâng tầm kỹ năng của bạn cùng mẫu giày đá banh NIKE REACT PHANTOM GX PRO TF hoàn toàn mới! Là bản nâng cấp hoàn toàn mới của Phantom GT 2, Phantom GX sẽ là đôi giày hoàn hảo dành cho những ai tìm kiếm sự chính xác tuyệt đối trên sân. \nThông số kỹ thuật:\nNIKE REACT PHANTOM GX PRO TF là mẫu giày đá banh đế TF dành cho sân cỏ nhân tạo 5-7 người. \nPhần upper làm từ da tổng hợp siêu mềm với cấu trúc tương tự sợi dệt giúp đem lại cảm giác bóng thật chân hơn cho người mang.  \nTương tự như các thế hệ tiền nhiệm, trên bề mặt Phantom GX Pro TF được trang bị thêm lớp phủ NikeSkin giúp tăng độ bám bóng, từ đó có thể kiểm soát và rê bóng tốt hơn ở bất kỳ điều kiện thời tiết. \nHệ thống dây giày được thiết kế lệch về phía má ngoài nhằm mở rộng diện tích sút và chuyền bóng.\nLưỡi gà và cổ giày được làm từ sợi dệt với độ co giãn cao, mang đến sự ôm chân chắc chắn nhưng không kém phần thoải mái.\nLớp đệm gót giày với chất liệu vải nhung êm mịn, tạo cảm giác ôm chân vừa vặn và thoải mái. Khung bọc gót được làm mềm hơn trước giúp hỗ trợ tốt hơn cho quá trình break-in. Đồng thời, chúng còn làm giảm áp lực tác động lên khu vực gót chân người mang mà không gây ảnh hưởng đến cấu trúc và sự ổn định của đôi giày.\n',1,0,3,'2023-08-06 22:04:41','2023-08-06 22:04:41'),(19,'Asics X CRAZYFAST.1 TF - IE6632 -TRẮNG/VÀNG CHANH','Thông số kỹ thuật:',3500000,3000000,10,'https://product.hstatic.net/200000278317/product/giay-da-bong-nike-react-phantom-gx-pro-tf-dd9466-600-do-den-1_09b816e96b604670b553ea0750d4c09d_master.jpg','NIKE REACT PHANTOM GX PRO TF - GIÀY ĐÁ BÓNG SÂN CỎ NHÂN TẠO\nNâng tầm kỹ năng của bạn cùng mẫu giày đá banh NIKE REACT PHANTOM GX PRO TF hoàn toàn mới! Là bản nâng cấp hoàn toàn mới của Phantom GT 2, Phantom GX sẽ là đôi giày hoàn hảo dành cho những ai tìm kiếm sự chính xác tuyệt đối trên sân. \nThông số kỹ thuật:\nNIKE REACT PHANTOM GX PRO TF là mẫu giày đá banh đế TF dành cho sân cỏ nhân tạo 5-7 người. \nPhần upper làm từ da tổng hợp siêu mềm với cấu trúc tương tự sợi dệt giúp đem lại cảm giác bóng thật chân hơn cho người mang.  \nTương tự như các thế hệ tiền nhiệm, trên bề mặt Phantom GX Pro TF được trang bị thêm lớp phủ NikeSkin giúp tăng độ bám bóng, từ đó có thể kiểm soát và rê bóng tốt hơn ở bất kỳ điều kiện thời tiết. \nHệ thống dây giày được thiết kế lệch về phía má ngoài nhằm mở rộng diện tích sút và chuyền bóng.\nLưỡi gà và cổ giày được làm từ sợi dệt với độ co giãn cao, mang đến sự ôm chân chắc chắn nhưng không kém phần thoải mái.\nLớp đệm gót giày với chất liệu vải nhung êm mịn, tạo cảm giác ôm chân vừa vặn và thoải mái. Khung bọc gót được làm mềm hơn trước giúp hỗ trợ tốt hơn cho quá trình break-in. Đồng thời, chúng còn làm giảm áp lực tác động lên khu vực gót chân người mang mà không gây ảnh hưởng đến cấu trúc và sự ổn định của đôi giày.\n',1,0,3,'2023-08-06 22:04:42','2023-08-06 22:04:42'),(20,'Asics X CRAZYFAST.1 TF - IE6632 -TRẮNG/VÀNG CHANH','Thông số kỹ thuật:',3500000,3000000,10,'https://product.hstatic.net/200000278317/product/giay-da-bong-nike-react-phantom-gx-pro-tf-dd9466-600-do-den-1_09b816e96b604670b553ea0750d4c09d_master.jpg','NIKE REACT PHANTOM GX PRO TF - GIÀY ĐÁ BÓNG SÂN CỎ NHÂN TẠO\nNâng tầm kỹ năng của bạn cùng mẫu giày đá banh NIKE REACT PHANTOM GX PRO TF hoàn toàn mới! Là bản nâng cấp hoàn toàn mới của Phantom GT 2, Phantom GX sẽ là đôi giày hoàn hảo dành cho những ai tìm kiếm sự chính xác tuyệt đối trên sân. \nThông số kỹ thuật:\nNIKE REACT PHANTOM GX PRO TF là mẫu giày đá banh đế TF dành cho sân cỏ nhân tạo 5-7 người. \nPhần upper làm từ da tổng hợp siêu mềm với cấu trúc tương tự sợi dệt giúp đem lại cảm giác bóng thật chân hơn cho người mang.  \nTương tự như các thế hệ tiền nhiệm, trên bề mặt Phantom GX Pro TF được trang bị thêm lớp phủ NikeSkin giúp tăng độ bám bóng, từ đó có thể kiểm soát và rê bóng tốt hơn ở bất kỳ điều kiện thời tiết. \nHệ thống dây giày được thiết kế lệch về phía má ngoài nhằm mở rộng diện tích sút và chuyền bóng.\nLưỡi gà và cổ giày được làm từ sợi dệt với độ co giãn cao, mang đến sự ôm chân chắc chắn nhưng không kém phần thoải mái.\nLớp đệm gót giày với chất liệu vải nhung êm mịn, tạo cảm giác ôm chân vừa vặn và thoải mái. Khung bọc gót được làm mềm hơn trước giúp hỗ trợ tốt hơn cho quá trình break-in. Đồng thời, chúng còn làm giảm áp lực tác động lên khu vực gót chân người mang mà không gây ảnh hưởng đến cấu trúc và sự ổn định của đôi giày.\n',1,0,3,'2023-08-06 22:04:42','2023-08-06 22:04:42'),(21,'Asics X CRAZYFAST.1 TF - IE6632 -TRẮNG/VÀNG CHANH','Thông số kỹ thuật:',3500000,3000000,10,'https://product.hstatic.net/200000278317/product/giay-da-bong-nike-react-phantom-gx-pro-tf-dd9466-600-do-den-1_09b816e96b604670b553ea0750d4c09d_master.jpg','NIKE REACT PHANTOM GX PRO TF - GIÀY ĐÁ BÓNG SÂN CỎ NHÂN TẠO\nNâng tầm kỹ năng của bạn cùng mẫu giày đá banh NIKE REACT PHANTOM GX PRO TF hoàn toàn mới! Là bản nâng cấp hoàn toàn mới của Phantom GT 2, Phantom GX sẽ là đôi giày hoàn hảo dành cho những ai tìm kiếm sự chính xác tuyệt đối trên sân. \nThông số kỹ thuật:\nNIKE REACT PHANTOM GX PRO TF là mẫu giày đá banh đế TF dành cho sân cỏ nhân tạo 5-7 người. \nPhần upper làm từ da tổng hợp siêu mềm với cấu trúc tương tự sợi dệt giúp đem lại cảm giác bóng thật chân hơn cho người mang.  \nTương tự như các thế hệ tiền nhiệm, trên bề mặt Phantom GX Pro TF được trang bị thêm lớp phủ NikeSkin giúp tăng độ bám bóng, từ đó có thể kiểm soát và rê bóng tốt hơn ở bất kỳ điều kiện thời tiết. \nHệ thống dây giày được thiết kế lệch về phía má ngoài nhằm mở rộng diện tích sút và chuyền bóng.\nLưỡi gà và cổ giày được làm từ sợi dệt với độ co giãn cao, mang đến sự ôm chân chắc chắn nhưng không kém phần thoải mái.\nLớp đệm gót giày với chất liệu vải nhung êm mịn, tạo cảm giác ôm chân vừa vặn và thoải mái. Khung bọc gót được làm mềm hơn trước giúp hỗ trợ tốt hơn cho quá trình break-in. Đồng thời, chúng còn làm giảm áp lực tác động lên khu vực gót chân người mang mà không gây ảnh hưởng đến cấu trúc và sự ổn định của đôi giày.\n',1,0,3,'2023-08-06 22:04:42','2023-08-06 22:04:42'),(22,'Joma X CRAZYFAST.1 TF - IE6632 -TRẮNG/VÀNG CHANH','Thông số kỹ thuật:',3500000,3000000,10,'https://product.hstatic.net/200000278317/product/giay-da-bong-nike-react-phantom-gx-pro-tf-dd9466-600-do-den-1_09b816e96b604670b553ea0750d4c09d_master.jpg','NIKE REACT PHANTOM GX PRO TF - GIÀY ĐÁ BÓNG SÂN CỎ NHÂN TẠO\nNâng tầm kỹ năng của bạn cùng mẫu giày đá banh NIKE REACT PHANTOM GX PRO TF hoàn toàn mới! Là bản nâng cấp hoàn toàn mới của Phantom GT 2, Phantom GX sẽ là đôi giày hoàn hảo dành cho những ai tìm kiếm sự chính xác tuyệt đối trên sân. \nThông số kỹ thuật:\nNIKE REACT PHANTOM GX PRO TF là mẫu giày đá banh đế TF dành cho sân cỏ nhân tạo 5-7 người. \nPhần upper làm từ da tổng hợp siêu mềm với cấu trúc tương tự sợi dệt giúp đem lại cảm giác bóng thật chân hơn cho người mang.  \nTương tự như các thế hệ tiền nhiệm, trên bề mặt Phantom GX Pro TF được trang bị thêm lớp phủ NikeSkin giúp tăng độ bám bóng, từ đó có thể kiểm soát và rê bóng tốt hơn ở bất kỳ điều kiện thời tiết. \nHệ thống dây giày được thiết kế lệch về phía má ngoài nhằm mở rộng diện tích sút và chuyền bóng.\nLưỡi gà và cổ giày được làm từ sợi dệt với độ co giãn cao, mang đến sự ôm chân chắc chắn nhưng không kém phần thoải mái.\nLớp đệm gót giày với chất liệu vải nhung êm mịn, tạo cảm giác ôm chân vừa vặn và thoải mái. Khung bọc gót được làm mềm hơn trước giúp hỗ trợ tốt hơn cho quá trình break-in. Đồng thời, chúng còn làm giảm áp lực tác động lên khu vực gót chân người mang mà không gây ảnh hưởng đến cấu trúc và sự ổn định của đôi giày.\n',1,0,3,'2023-08-06 22:04:54','2023-08-06 22:04:54'),(23,'Joma X CRAZYFAST.1 TF - IE6632 -TRẮNG/VÀNG CHANH','Thông số kỹ thuật:',3500000,3000000,10,'https://product.hstatic.net/200000278317/product/giay-da-bong-nike-react-phantom-gx-pro-tf-dd9466-600-do-den-1_09b816e96b604670b553ea0750d4c09d_master.jpg','NIKE REACT PHANTOM GX PRO TF - GIÀY ĐÁ BÓNG SÂN CỎ NHÂN TẠO\nNâng tầm kỹ năng của bạn cùng mẫu giày đá banh NIKE REACT PHANTOM GX PRO TF hoàn toàn mới! Là bản nâng cấp hoàn toàn mới của Phantom GT 2, Phantom GX sẽ là đôi giày hoàn hảo dành cho những ai tìm kiếm sự chính xác tuyệt đối trên sân. \nThông số kỹ thuật:\nNIKE REACT PHANTOM GX PRO TF là mẫu giày đá banh đế TF dành cho sân cỏ nhân tạo 5-7 người. \nPhần upper làm từ da tổng hợp siêu mềm với cấu trúc tương tự sợi dệt giúp đem lại cảm giác bóng thật chân hơn cho người mang.  \nTương tự như các thế hệ tiền nhiệm, trên bề mặt Phantom GX Pro TF được trang bị thêm lớp phủ NikeSkin giúp tăng độ bám bóng, từ đó có thể kiểm soát và rê bóng tốt hơn ở bất kỳ điều kiện thời tiết. \nHệ thống dây giày được thiết kế lệch về phía má ngoài nhằm mở rộng diện tích sút và chuyền bóng.\nLưỡi gà và cổ giày được làm từ sợi dệt với độ co giãn cao, mang đến sự ôm chân chắc chắn nhưng không kém phần thoải mái.\nLớp đệm gót giày với chất liệu vải nhung êm mịn, tạo cảm giác ôm chân vừa vặn và thoải mái. Khung bọc gót được làm mềm hơn trước giúp hỗ trợ tốt hơn cho quá trình break-in. Đồng thời, chúng còn làm giảm áp lực tác động lên khu vực gót chân người mang mà không gây ảnh hưởng đến cấu trúc và sự ổn định của đôi giày.\n',1,0,3,'2023-08-06 22:04:55','2023-08-06 22:04:55'),(24,'Joma X CRAZYFAST.1 TF - IE6632 -TRẮNG/VÀNG CHANH','Thông số kỹ thuật:',3500000,3000000,10,'https://product.hstatic.net/200000278317/product/giay-da-bong-nike-react-phantom-gx-pro-tf-dd9466-600-do-den-1_09b816e96b604670b553ea0750d4c09d_master.jpg','NIKE REACT PHANTOM GX PRO TF - GIÀY ĐÁ BÓNG SÂN CỎ NHÂN TẠO\nNâng tầm kỹ năng của bạn cùng mẫu giày đá banh NIKE REACT PHANTOM GX PRO TF hoàn toàn mới! Là bản nâng cấp hoàn toàn mới của Phantom GT 2, Phantom GX sẽ là đôi giày hoàn hảo dành cho những ai tìm kiếm sự chính xác tuyệt đối trên sân. \nThông số kỹ thuật:\nNIKE REACT PHANTOM GX PRO TF là mẫu giày đá banh đế TF dành cho sân cỏ nhân tạo 5-7 người. \nPhần upper làm từ da tổng hợp siêu mềm với cấu trúc tương tự sợi dệt giúp đem lại cảm giác bóng thật chân hơn cho người mang.  \nTương tự như các thế hệ tiền nhiệm, trên bề mặt Phantom GX Pro TF được trang bị thêm lớp phủ NikeSkin giúp tăng độ bám bóng, từ đó có thể kiểm soát và rê bóng tốt hơn ở bất kỳ điều kiện thời tiết. \nHệ thống dây giày được thiết kế lệch về phía má ngoài nhằm mở rộng diện tích sút và chuyền bóng.\nLưỡi gà và cổ giày được làm từ sợi dệt với độ co giãn cao, mang đến sự ôm chân chắc chắn nhưng không kém phần thoải mái.\nLớp đệm gót giày với chất liệu vải nhung êm mịn, tạo cảm giác ôm chân vừa vặn và thoải mái. Khung bọc gót được làm mềm hơn trước giúp hỗ trợ tốt hơn cho quá trình break-in. Đồng thời, chúng còn làm giảm áp lực tác động lên khu vực gót chân người mang mà không gây ảnh hưởng đến cấu trúc và sự ổn định của đôi giày.\n',1,0,3,'2023-08-06 22:04:55','2023-08-06 22:04:55'),(25,'Joma X CRAZYFAST.1 TF - IE6632 -TRẮNG/VÀNG CHANH','Thông số kỹ thuật:',3500000,3000000,10,'https://product.hstatic.net/200000278317/product/giay-da-bong-nike-react-phantom-gx-pro-tf-dd9466-600-do-den-1_09b816e96b604670b553ea0750d4c09d_master.jpg','NIKE REACT PHANTOM GX PRO TF - GIÀY ĐÁ BÓNG SÂN CỎ NHÂN TẠO\nNâng tầm kỹ năng của bạn cùng mẫu giày đá banh NIKE REACT PHANTOM GX PRO TF hoàn toàn mới! Là bản nâng cấp hoàn toàn mới của Phantom GT 2, Phantom GX sẽ là đôi giày hoàn hảo dành cho những ai tìm kiếm sự chính xác tuyệt đối trên sân. \nThông số kỹ thuật:\nNIKE REACT PHANTOM GX PRO TF là mẫu giày đá banh đế TF dành cho sân cỏ nhân tạo 5-7 người. \nPhần upper làm từ da tổng hợp siêu mềm với cấu trúc tương tự sợi dệt giúp đem lại cảm giác bóng thật chân hơn cho người mang.  \nTương tự như các thế hệ tiền nhiệm, trên bề mặt Phantom GX Pro TF được trang bị thêm lớp phủ NikeSkin giúp tăng độ bám bóng, từ đó có thể kiểm soát và rê bóng tốt hơn ở bất kỳ điều kiện thời tiết. \nHệ thống dây giày được thiết kế lệch về phía má ngoài nhằm mở rộng diện tích sút và chuyền bóng.\nLưỡi gà và cổ giày được làm từ sợi dệt với độ co giãn cao, mang đến sự ôm chân chắc chắn nhưng không kém phần thoải mái.\nLớp đệm gót giày với chất liệu vải nhung êm mịn, tạo cảm giác ôm chân vừa vặn và thoải mái. Khung bọc gót được làm mềm hơn trước giúp hỗ trợ tốt hơn cho quá trình break-in. Đồng thời, chúng còn làm giảm áp lực tác động lên khu vực gót chân người mang mà không gây ảnh hưởng đến cấu trúc và sự ổn định của đôi giày.\n',1,0,3,'2023-08-06 22:04:56','2023-08-06 22:04:56'),(26,'Joma X CRAZYFAST.1 TF - IE6632 -TRẮNG/VÀNG CHANH','Thông số kỹ thuật:',3500000,3000000,10,'https://product.hstatic.net/200000278317/product/giay-da-bong-nike-react-phantom-gx-pro-tf-dd9466-600-do-den-1_09b816e96b604670b553ea0750d4c09d_master.jpg','NIKE REACT PHANTOM GX PRO TF - GIÀY ĐÁ BÓNG SÂN CỎ NHÂN TẠO\nNâng tầm kỹ năng của bạn cùng mẫu giày đá banh NIKE REACT PHANTOM GX PRO TF hoàn toàn mới! Là bản nâng cấp hoàn toàn mới của Phantom GT 2, Phantom GX sẽ là đôi giày hoàn hảo dành cho những ai tìm kiếm sự chính xác tuyệt đối trên sân. \nThông số kỹ thuật:\nNIKE REACT PHANTOM GX PRO TF là mẫu giày đá banh đế TF dành cho sân cỏ nhân tạo 5-7 người. \nPhần upper làm từ da tổng hợp siêu mềm với cấu trúc tương tự sợi dệt giúp đem lại cảm giác bóng thật chân hơn cho người mang.  \nTương tự như các thế hệ tiền nhiệm, trên bề mặt Phantom GX Pro TF được trang bị thêm lớp phủ NikeSkin giúp tăng độ bám bóng, từ đó có thể kiểm soát và rê bóng tốt hơn ở bất kỳ điều kiện thời tiết. \nHệ thống dây giày được thiết kế lệch về phía má ngoài nhằm mở rộng diện tích sút và chuyền bóng.\nLưỡi gà và cổ giày được làm từ sợi dệt với độ co giãn cao, mang đến sự ôm chân chắc chắn nhưng không kém phần thoải mái.\nLớp đệm gót giày với chất liệu vải nhung êm mịn, tạo cảm giác ôm chân vừa vặn và thoải mái. Khung bọc gót được làm mềm hơn trước giúp hỗ trợ tốt hơn cho quá trình break-in. Đồng thời, chúng còn làm giảm áp lực tác động lên khu vực gót chân người mang mà không gây ảnh hưởng đến cấu trúc và sự ổn định của đôi giày.\n',1,0,3,'2023-08-06 22:04:56','2023-08-06 22:04:56'),(27,'Joma X CRAZYFAST.1 TF - IE6632 -TRẮNG/VÀNG CHANH','Thông số kỹ thuật:',3500000,3000000,10,'https://product.hstatic.net/200000278317/product/giay-da-bong-nike-react-phantom-gx-pro-tf-dd9466-600-do-den-1_09b816e96b604670b553ea0750d4c09d_master.jpg','NIKE REACT PHANTOM GX PRO TF - GIÀY ĐÁ BÓNG SÂN CỎ NHÂN TẠO\nNâng tầm kỹ năng của bạn cùng mẫu giày đá banh NIKE REACT PHANTOM GX PRO TF hoàn toàn mới! Là bản nâng cấp hoàn toàn mới của Phantom GT 2, Phantom GX sẽ là đôi giày hoàn hảo dành cho những ai tìm kiếm sự chính xác tuyệt đối trên sân. \nThông số kỹ thuật:\nNIKE REACT PHANTOM GX PRO TF là mẫu giày đá banh đế TF dành cho sân cỏ nhân tạo 5-7 người. \nPhần upper làm từ da tổng hợp siêu mềm với cấu trúc tương tự sợi dệt giúp đem lại cảm giác bóng thật chân hơn cho người mang.  \nTương tự như các thế hệ tiền nhiệm, trên bề mặt Phantom GX Pro TF được trang bị thêm lớp phủ NikeSkin giúp tăng độ bám bóng, từ đó có thể kiểm soát và rê bóng tốt hơn ở bất kỳ điều kiện thời tiết. \nHệ thống dây giày được thiết kế lệch về phía má ngoài nhằm mở rộng diện tích sút và chuyền bóng.\nLưỡi gà và cổ giày được làm từ sợi dệt với độ co giãn cao, mang đến sự ôm chân chắc chắn nhưng không kém phần thoải mái.\nLớp đệm gót giày với chất liệu vải nhung êm mịn, tạo cảm giác ôm chân vừa vặn và thoải mái. Khung bọc gót được làm mềm hơn trước giúp hỗ trợ tốt hơn cho quá trình break-in. Đồng thời, chúng còn làm giảm áp lực tác động lên khu vực gót chân người mang mà không gây ảnh hưởng đến cấu trúc và sự ổn định của đôi giày.\n',1,0,4,'2023-08-06 22:44:51','2023-08-06 22:44:51'),(28,'Joma X CRAZYFAST.1 TF - IE6632 -TRẮNG/VÀNG CHANH','Thông số kỹ thuật:',3500000,3000000,9,'https://product.hstatic.net/200000278317/product/giay-da-bong-nike-react-phantom-gx-pro-tf-dd9466-600-do-den-1_09b816e96b604670b553ea0750d4c09d_master.jpg','NIKE REACT PHANTOM GX PRO TF - GIÀY ĐÁ BÓNG SÂN CỎ NHÂN TẠO\nNâng tầm kỹ năng của bạn cùng mẫu giày đá banh NIKE REACT PHANTOM GX PRO TF hoàn toàn mới! Là bản nâng cấp hoàn toàn mới của Phantom GT 2, Phantom GX sẽ là đôi giày hoàn hảo dành cho những ai tìm kiếm sự chính xác tuyệt đối trên sân. \nThông số kỹ thuật:\nNIKE REACT PHANTOM GX PRO TF là mẫu giày đá banh đế TF dành cho sân cỏ nhân tạo 5-7 người. \nPhần upper làm từ da tổng hợp siêu mềm với cấu trúc tương tự sợi dệt giúp đem lại cảm giác bóng thật chân hơn cho người mang.  \nTương tự như các thế hệ tiền nhiệm, trên bề mặt Phantom GX Pro TF được trang bị thêm lớp phủ NikeSkin giúp tăng độ bám bóng, từ đó có thể kiểm soát và rê bóng tốt hơn ở bất kỳ điều kiện thời tiết. \nHệ thống dây giày được thiết kế lệch về phía má ngoài nhằm mở rộng diện tích sút và chuyền bóng.\nLưỡi gà và cổ giày được làm từ sợi dệt với độ co giãn cao, mang đến sự ôm chân chắc chắn nhưng không kém phần thoải mái.\nLớp đệm gót giày với chất liệu vải nhung êm mịn, tạo cảm giác ôm chân vừa vặn và thoải mái. Khung bọc gót được làm mềm hơn trước giúp hỗ trợ tốt hơn cho quá trình break-in. Đồng thời, chúng còn làm giảm áp lực tác động lên khu vực gót chân người mang mà không gây ảnh hưởng đến cấu trúc và sự ổn định của đôi giày.\n',1,0,4,'2023-08-06 22:44:51','2023-08-06 22:44:51'),(29,'Joma X CRAZYFAST.1 TF - IE6632 -TRẮNG/VÀNG CHANH','Thông số kỹ thuật:',3500000,3000000,10,'https://product.hstatic.net/200000278317/product/giay-da-bong-nike-react-phantom-gx-pro-tf-dd9466-600-do-den-1_09b816e96b604670b553ea0750d4c09d_master.jpg','NIKE REACT PHANTOM GX PRO TF - GIÀY ĐÁ BÓNG SÂN CỎ NHÂN TẠO\nNâng tầm kỹ năng của bạn cùng mẫu giày đá banh NIKE REACT PHANTOM GX PRO TF hoàn toàn mới! Là bản nâng cấp hoàn toàn mới của Phantom GT 2, Phantom GX sẽ là đôi giày hoàn hảo dành cho những ai tìm kiếm sự chính xác tuyệt đối trên sân. \nThông số kỹ thuật:\nNIKE REACT PHANTOM GX PRO TF là mẫu giày đá banh đế TF dành cho sân cỏ nhân tạo 5-7 người. \nPhần upper làm từ da tổng hợp siêu mềm với cấu trúc tương tự sợi dệt giúp đem lại cảm giác bóng thật chân hơn cho người mang.  \nTương tự như các thế hệ tiền nhiệm, trên bề mặt Phantom GX Pro TF được trang bị thêm lớp phủ NikeSkin giúp tăng độ bám bóng, từ đó có thể kiểm soát và rê bóng tốt hơn ở bất kỳ điều kiện thời tiết. \nHệ thống dây giày được thiết kế lệch về phía má ngoài nhằm mở rộng diện tích sút và chuyền bóng.\nLưỡi gà và cổ giày được làm từ sợi dệt với độ co giãn cao, mang đến sự ôm chân chắc chắn nhưng không kém phần thoải mái.\nLớp đệm gót giày với chất liệu vải nhung êm mịn, tạo cảm giác ôm chân vừa vặn và thoải mái. Khung bọc gót được làm mềm hơn trước giúp hỗ trợ tốt hơn cho quá trình break-in. Đồng thời, chúng còn làm giảm áp lực tác động lên khu vực gót chân người mang mà không gây ảnh hưởng đến cấu trúc và sự ổn định của đôi giày.\n',1,0,4,'2023-08-06 22:44:52','2023-08-06 22:44:52'),(30,'Joma X CRAZYFAST.1 TF - IE6632 -TRẮNG/VÀNG CHANH','Thông số kỹ thuật:',3500000,3000000,10,'https://product.hstatic.net/200000278317/product/giay-da-bong-nike-react-phantom-gx-pro-tf-dd9466-600-do-den-1_09b816e96b604670b553ea0750d4c09d_master.jpg','NIKE REACT PHANTOM GX PRO TF - GIÀY ĐÁ BÓNG SÂN CỎ NHÂN TẠO\nNâng tầm kỹ năng của bạn cùng mẫu giày đá banh NIKE REACT PHANTOM GX PRO TF hoàn toàn mới! Là bản nâng cấp hoàn toàn mới của Phantom GT 2, Phantom GX sẽ là đôi giày hoàn hảo dành cho những ai tìm kiếm sự chính xác tuyệt đối trên sân. \nThông số kỹ thuật:\nNIKE REACT PHANTOM GX PRO TF là mẫu giày đá banh đế TF dành cho sân cỏ nhân tạo 5-7 người. \nPhần upper làm từ da tổng hợp siêu mềm với cấu trúc tương tự sợi dệt giúp đem lại cảm giác bóng thật chân hơn cho người mang.  \nTương tự như các thế hệ tiền nhiệm, trên bề mặt Phantom GX Pro TF được trang bị thêm lớp phủ NikeSkin giúp tăng độ bám bóng, từ đó có thể kiểm soát và rê bóng tốt hơn ở bất kỳ điều kiện thời tiết. \nHệ thống dây giày được thiết kế lệch về phía má ngoài nhằm mở rộng diện tích sút và chuyền bóng.\nLưỡi gà và cổ giày được làm từ sợi dệt với độ co giãn cao, mang đến sự ôm chân chắc chắn nhưng không kém phần thoải mái.\nLớp đệm gót giày với chất liệu vải nhung êm mịn, tạo cảm giác ôm chân vừa vặn và thoải mái. Khung bọc gót được làm mềm hơn trước giúp hỗ trợ tốt hơn cho quá trình break-in. Đồng thời, chúng còn làm giảm áp lực tác động lên khu vực gót chân người mang mà không gây ảnh hưởng đến cấu trúc và sự ổn định của đôi giày.\n',1,0,5,'2023-08-06 22:44:55','2023-08-06 22:44:55'),(31,'Joma X CRAZYFAST.1 TF - IE6632 -TRẮNG/VÀNG CHANH','Thông số kỹ thuật:',3500000,3000000,10,'https://product.hstatic.net/200000278317/product/giay-da-bong-nike-react-phantom-gx-pro-tf-dd9466-600-do-den-1_09b816e96b604670b553ea0750d4c09d_master.jpg','NIKE REACT PHANTOM GX PRO TF - GIÀY ĐÁ BÓNG SÂN CỎ NHÂN TẠO\nNâng tầm kỹ năng của bạn cùng mẫu giày đá banh NIKE REACT PHANTOM GX PRO TF hoàn toàn mới! Là bản nâng cấp hoàn toàn mới của Phantom GT 2, Phantom GX sẽ là đôi giày hoàn hảo dành cho những ai tìm kiếm sự chính xác tuyệt đối trên sân. \nThông số kỹ thuật:\nNIKE REACT PHANTOM GX PRO TF là mẫu giày đá banh đế TF dành cho sân cỏ nhân tạo 5-7 người. \nPhần upper làm từ da tổng hợp siêu mềm với cấu trúc tương tự sợi dệt giúp đem lại cảm giác bóng thật chân hơn cho người mang.  \nTương tự như các thế hệ tiền nhiệm, trên bề mặt Phantom GX Pro TF được trang bị thêm lớp phủ NikeSkin giúp tăng độ bám bóng, từ đó có thể kiểm soát và rê bóng tốt hơn ở bất kỳ điều kiện thời tiết. \nHệ thống dây giày được thiết kế lệch về phía má ngoài nhằm mở rộng diện tích sút và chuyền bóng.\nLưỡi gà và cổ giày được làm từ sợi dệt với độ co giãn cao, mang đến sự ôm chân chắc chắn nhưng không kém phần thoải mái.\nLớp đệm gót giày với chất liệu vải nhung êm mịn, tạo cảm giác ôm chân vừa vặn và thoải mái. Khung bọc gót được làm mềm hơn trước giúp hỗ trợ tốt hơn cho quá trình break-in. Đồng thời, chúng còn làm giảm áp lực tác động lên khu vực gót chân người mang mà không gây ảnh hưởng đến cấu trúc và sự ổn định của đôi giày.\n',1,0,5,'2023-08-06 22:44:56','2023-08-06 22:44:56'),(32,'Joma X CRAZYFAST.1 TF - IE6632 -TRẮNG/VÀNG CHANH','Thông số kỹ thuật:',3500000,3000000,10,'https://product.hstatic.net/200000278317/product/giay-da-bong-nike-react-phantom-gx-pro-tf-dd9466-600-do-den-1_09b816e96b604670b553ea0750d4c09d_master.jpg','NIKE REACT PHANTOM GX PRO TF - GIÀY ĐÁ BÓNG SÂN CỎ NHÂN TẠO\nNâng tầm kỹ năng của bạn cùng mẫu giày đá banh NIKE REACT PHANTOM GX PRO TF hoàn toàn mới! Là bản nâng cấp hoàn toàn mới của Phantom GT 2, Phantom GX sẽ là đôi giày hoàn hảo dành cho những ai tìm kiếm sự chính xác tuyệt đối trên sân. \nThông số kỹ thuật:\nNIKE REACT PHANTOM GX PRO TF là mẫu giày đá banh đế TF dành cho sân cỏ nhân tạo 5-7 người. \nPhần upper làm từ da tổng hợp siêu mềm với cấu trúc tương tự sợi dệt giúp đem lại cảm giác bóng thật chân hơn cho người mang.  \nTương tự như các thế hệ tiền nhiệm, trên bề mặt Phantom GX Pro TF được trang bị thêm lớp phủ NikeSkin giúp tăng độ bám bóng, từ đó có thể kiểm soát và rê bóng tốt hơn ở bất kỳ điều kiện thời tiết. \nHệ thống dây giày được thiết kế lệch về phía má ngoài nhằm mở rộng diện tích sút và chuyền bóng.\nLưỡi gà và cổ giày được làm từ sợi dệt với độ co giãn cao, mang đến sự ôm chân chắc chắn nhưng không kém phần thoải mái.\nLớp đệm gót giày với chất liệu vải nhung êm mịn, tạo cảm giác ôm chân vừa vặn và thoải mái. Khung bọc gót được làm mềm hơn trước giúp hỗ trợ tốt hơn cho quá trình break-in. Đồng thời, chúng còn làm giảm áp lực tác động lên khu vực gót chân người mang mà không gây ảnh hưởng đến cấu trúc và sự ổn định của đôi giày.\n',1,0,5,'2023-08-06 22:44:56','2023-08-06 22:44:56'),(33,'Joma X CRAZYFAST.1 TF - IE6632 -TRẮNG/VÀNG CHANH','Thông số kỹ thuật:',3500000,3000000,10,'https://product.hstatic.net/200000278317/product/giay-da-bong-nike-react-phantom-gx-pro-tf-dd9466-600-do-den-1_09b816e96b604670b553ea0750d4c09d_master.jpg','NIKE REACT PHANTOM GX PRO TF - GIÀY ĐÁ BÓNG SÂN CỎ NHÂN TẠO\nNâng tầm kỹ năng của bạn cùng mẫu giày đá banh NIKE REACT PHANTOM GX PRO TF hoàn toàn mới! Là bản nâng cấp hoàn toàn mới của Phantom GT 2, Phantom GX sẽ là đôi giày hoàn hảo dành cho những ai tìm kiếm sự chính xác tuyệt đối trên sân. \nThông số kỹ thuật:\nNIKE REACT PHANTOM GX PRO TF là mẫu giày đá banh đế TF dành cho sân cỏ nhân tạo 5-7 người. \nPhần upper làm từ da tổng hợp siêu mềm với cấu trúc tương tự sợi dệt giúp đem lại cảm giác bóng thật chân hơn cho người mang.  \nTương tự như các thế hệ tiền nhiệm, trên bề mặt Phantom GX Pro TF được trang bị thêm lớp phủ NikeSkin giúp tăng độ bám bóng, từ đó có thể kiểm soát và rê bóng tốt hơn ở bất kỳ điều kiện thời tiết. \nHệ thống dây giày được thiết kế lệch về phía má ngoài nhằm mở rộng diện tích sút và chuyền bóng.\nLưỡi gà và cổ giày được làm từ sợi dệt với độ co giãn cao, mang đến sự ôm chân chắc chắn nhưng không kém phần thoải mái.\nLớp đệm gót giày với chất liệu vải nhung êm mịn, tạo cảm giác ôm chân vừa vặn và thoải mái. Khung bọc gót được làm mềm hơn trước giúp hỗ trợ tốt hơn cho quá trình break-in. Đồng thời, chúng còn làm giảm áp lực tác động lên khu vực gót chân người mang mà không gây ảnh hưởng đến cấu trúc và sự ổn định của đôi giày.\n',1,0,6,'2023-08-06 22:44:58','2023-08-06 22:44:58'),(34,'Joma X CRAZYFAST.1 TF - IE6632 -TRẮNG/VÀNG CHANH','Thông số kỹ thuật:',3500000,3000000,10,'https://product.hstatic.net/200000278317/product/giay-da-bong-nike-react-phantom-gx-pro-tf-dd9466-600-do-den-1_09b816e96b604670b553ea0750d4c09d_master.jpg','NIKE REACT PHANTOM GX PRO TF - GIÀY ĐÁ BÓNG SÂN CỎ NHÂN TẠO\nNâng tầm kỹ năng của bạn cùng mẫu giày đá banh NIKE REACT PHANTOM GX PRO TF hoàn toàn mới! Là bản nâng cấp hoàn toàn mới của Phantom GT 2, Phantom GX sẽ là đôi giày hoàn hảo dành cho những ai tìm kiếm sự chính xác tuyệt đối trên sân. \nThông số kỹ thuật:\nNIKE REACT PHANTOM GX PRO TF là mẫu giày đá banh đế TF dành cho sân cỏ nhân tạo 5-7 người. \nPhần upper làm từ da tổng hợp siêu mềm với cấu trúc tương tự sợi dệt giúp đem lại cảm giác bóng thật chân hơn cho người mang.  \nTương tự như các thế hệ tiền nhiệm, trên bề mặt Phantom GX Pro TF được trang bị thêm lớp phủ NikeSkin giúp tăng độ bám bóng, từ đó có thể kiểm soát và rê bóng tốt hơn ở bất kỳ điều kiện thời tiết. \nHệ thống dây giày được thiết kế lệch về phía má ngoài nhằm mở rộng diện tích sút và chuyền bóng.\nLưỡi gà và cổ giày được làm từ sợi dệt với độ co giãn cao, mang đến sự ôm chân chắc chắn nhưng không kém phần thoải mái.\nLớp đệm gót giày với chất liệu vải nhung êm mịn, tạo cảm giác ôm chân vừa vặn và thoải mái. Khung bọc gót được làm mềm hơn trước giúp hỗ trợ tốt hơn cho quá trình break-in. Đồng thời, chúng còn làm giảm áp lực tác động lên khu vực gót chân người mang mà không gây ảnh hưởng đến cấu trúc và sự ổn định của đôi giày.\n',1,0,6,'2023-08-06 22:44:58','2023-08-06 22:44:58'),(35,'Joma X CRAZYFAST.1 TF - IE6632 -TRẮNG/VÀNG CHANH','Thông số kỹ thuật:',3500000,3000000,10,'https://product.hstatic.net/200000278317/product/giay-da-bong-nike-react-phantom-gx-pro-tf-dd9466-600-do-den-1_09b816e96b604670b553ea0750d4c09d_master.jpg','NIKE REACT PHANTOM GX PRO TF - GIÀY ĐÁ BÓNG SÂN CỎ NHÂN TẠO\nNâng tầm kỹ năng của bạn cùng mẫu giày đá banh NIKE REACT PHANTOM GX PRO TF hoàn toàn mới! Là bản nâng cấp hoàn toàn mới của Phantom GT 2, Phantom GX sẽ là đôi giày hoàn hảo dành cho những ai tìm kiếm sự chính xác tuyệt đối trên sân. \nThông số kỹ thuật:\nNIKE REACT PHANTOM GX PRO TF là mẫu giày đá banh đế TF dành cho sân cỏ nhân tạo 5-7 người. \nPhần upper làm từ da tổng hợp siêu mềm với cấu trúc tương tự sợi dệt giúp đem lại cảm giác bóng thật chân hơn cho người mang.  \nTương tự như các thế hệ tiền nhiệm, trên bề mặt Phantom GX Pro TF được trang bị thêm lớp phủ NikeSkin giúp tăng độ bám bóng, từ đó có thể kiểm soát và rê bóng tốt hơn ở bất kỳ điều kiện thời tiết. \nHệ thống dây giày được thiết kế lệch về phía má ngoài nhằm mở rộng diện tích sút và chuyền bóng.\nLưỡi gà và cổ giày được làm từ sợi dệt với độ co giãn cao, mang đến sự ôm chân chắc chắn nhưng không kém phần thoải mái.\nLớp đệm gót giày với chất liệu vải nhung êm mịn, tạo cảm giác ôm chân vừa vặn và thoải mái. Khung bọc gót được làm mềm hơn trước giúp hỗ trợ tốt hơn cho quá trình break-in. Đồng thời, chúng còn làm giảm áp lực tác động lên khu vực gót chân người mang mà không gây ảnh hưởng đến cấu trúc và sự ổn định của đôi giày.\n',1,0,6,'2023-08-06 22:44:58','2023-08-06 22:44:58'),(36,'Joma X CRAZYFAST.1 TF - IE6632 -TRẮNG/VÀNG CHANH','Thông số kỹ thuật:',3500000,3000000,10,'https://product.hstatic.net/200000278317/product/giay-da-bong-nike-react-phantom-gx-pro-tf-dd9466-600-do-den-1_09b816e96b604670b553ea0750d4c09d_master.jpg','NIKE REACT PHANTOM GX PRO TF - GIÀY ĐÁ BÓNG SÂN CỎ NHÂN TẠO\nNâng tầm kỹ năng của bạn cùng mẫu giày đá banh NIKE REACT PHANTOM GX PRO TF hoàn toàn mới! Là bản nâng cấp hoàn toàn mới của Phantom GT 2, Phantom GX sẽ là đôi giày hoàn hảo dành cho những ai tìm kiếm sự chính xác tuyệt đối trên sân. \nThông số kỹ thuật:\nNIKE REACT PHANTOM GX PRO TF là mẫu giày đá banh đế TF dành cho sân cỏ nhân tạo 5-7 người. \nPhần upper làm từ da tổng hợp siêu mềm với cấu trúc tương tự sợi dệt giúp đem lại cảm giác bóng thật chân hơn cho người mang.  \nTương tự như các thế hệ tiền nhiệm, trên bề mặt Phantom GX Pro TF được trang bị thêm lớp phủ NikeSkin giúp tăng độ bám bóng, từ đó có thể kiểm soát và rê bóng tốt hơn ở bất kỳ điều kiện thời tiết. \nHệ thống dây giày được thiết kế lệch về phía má ngoài nhằm mở rộng diện tích sút và chuyền bóng.\nLưỡi gà và cổ giày được làm từ sợi dệt với độ co giãn cao, mang đến sự ôm chân chắc chắn nhưng không kém phần thoải mái.\nLớp đệm gót giày với chất liệu vải nhung êm mịn, tạo cảm giác ôm chân vừa vặn và thoải mái. Khung bọc gót được làm mềm hơn trước giúp hỗ trợ tốt hơn cho quá trình break-in. Đồng thời, chúng còn làm giảm áp lực tác động lên khu vực gót chân người mang mà không gây ảnh hưởng đến cấu trúc và sự ổn định của đôi giày.\n',1,0,7,'2023-08-06 22:45:00','2023-08-06 22:45:00'),(37,'Joma X CRAZYFAST.1 TF - IE6632 -TRẮNG/VÀNG CHANH','Thông số kỹ thuật:',3500000,3000000,10,'https://product.hstatic.net/200000278317/product/giay-da-bong-nike-react-phantom-gx-pro-tf-dd9466-600-do-den-1_09b816e96b604670b553ea0750d4c09d_master.jpg','NIKE REACT PHANTOM GX PRO TF - GIÀY ĐÁ BÓNG SÂN CỎ NHÂN TẠO\nNâng tầm kỹ năng của bạn cùng mẫu giày đá banh NIKE REACT PHANTOM GX PRO TF hoàn toàn mới! Là bản nâng cấp hoàn toàn mới của Phantom GT 2, Phantom GX sẽ là đôi giày hoàn hảo dành cho những ai tìm kiếm sự chính xác tuyệt đối trên sân. \nThông số kỹ thuật:\nNIKE REACT PHANTOM GX PRO TF là mẫu giày đá banh đế TF dành cho sân cỏ nhân tạo 5-7 người. \nPhần upper làm từ da tổng hợp siêu mềm với cấu trúc tương tự sợi dệt giúp đem lại cảm giác bóng thật chân hơn cho người mang.  \nTương tự như các thế hệ tiền nhiệm, trên bề mặt Phantom GX Pro TF được trang bị thêm lớp phủ NikeSkin giúp tăng độ bám bóng, từ đó có thể kiểm soát và rê bóng tốt hơn ở bất kỳ điều kiện thời tiết. \nHệ thống dây giày được thiết kế lệch về phía má ngoài nhằm mở rộng diện tích sút và chuyền bóng.\nLưỡi gà và cổ giày được làm từ sợi dệt với độ co giãn cao, mang đến sự ôm chân chắc chắn nhưng không kém phần thoải mái.\nLớp đệm gót giày với chất liệu vải nhung êm mịn, tạo cảm giác ôm chân vừa vặn và thoải mái. Khung bọc gót được làm mềm hơn trước giúp hỗ trợ tốt hơn cho quá trình break-in. Đồng thời, chúng còn làm giảm áp lực tác động lên khu vực gót chân người mang mà không gây ảnh hưởng đến cấu trúc và sự ổn định của đôi giày.\n',1,0,7,'2023-08-06 22:45:00','2023-08-06 22:45:00'),(38,'Joma X CRAZYFAST.1 TF - IE6632 -TRẮNG/VÀNG CHANH','Thông số kỹ thuật:',3500000,3000000,10,'https://product.hstatic.net/200000278317/product/giay-da-bong-nike-react-phantom-gx-pro-tf-dd9466-600-do-den-1_09b816e96b604670b553ea0750d4c09d_master.jpg','NIKE REACT PHANTOM GX PRO TF - GIÀY ĐÁ BÓNG SÂN CỎ NHÂN TẠO\nNâng tầm kỹ năng của bạn cùng mẫu giày đá banh NIKE REACT PHANTOM GX PRO TF hoàn toàn mới! Là bản nâng cấp hoàn toàn mới của Phantom GT 2, Phantom GX sẽ là đôi giày hoàn hảo dành cho những ai tìm kiếm sự chính xác tuyệt đối trên sân. \nThông số kỹ thuật:\nNIKE REACT PHANTOM GX PRO TF là mẫu giày đá banh đế TF dành cho sân cỏ nhân tạo 5-7 người. \nPhần upper làm từ da tổng hợp siêu mềm với cấu trúc tương tự sợi dệt giúp đem lại cảm giác bóng thật chân hơn cho người mang.  \nTương tự như các thế hệ tiền nhiệm, trên bề mặt Phantom GX Pro TF được trang bị thêm lớp phủ NikeSkin giúp tăng độ bám bóng, từ đó có thể kiểm soát và rê bóng tốt hơn ở bất kỳ điều kiện thời tiết. \nHệ thống dây giày được thiết kế lệch về phía má ngoài nhằm mở rộng diện tích sút và chuyền bóng.\nLưỡi gà và cổ giày được làm từ sợi dệt với độ co giãn cao, mang đến sự ôm chân chắc chắn nhưng không kém phần thoải mái.\nLớp đệm gót giày với chất liệu vải nhung êm mịn, tạo cảm giác ôm chân vừa vặn và thoải mái. Khung bọc gót được làm mềm hơn trước giúp hỗ trợ tốt hơn cho quá trình break-in. Đồng thời, chúng còn làm giảm áp lực tác động lên khu vực gót chân người mang mà không gây ảnh hưởng đến cấu trúc và sự ổn định của đôi giày.\n',1,1,7,'2023-08-06 22:45:01','2023-08-06 22:45:01'),(39,'Joma X CRAZYFAST.1 TF - IE6632 -TRẮNG/VÀNG CHANH','Thông số kỹ thuật:',3500000,3000000,10,'https://product.hstatic.net/200000278317/product/giay-da-bong-nike-react-phantom-gx-pro-tf-dd9466-600-do-den-1_09b816e96b604670b553ea0750d4c09d_master.jpg','NIKE REACT PHANTOM GX PRO TF - GIÀY ĐÁ BÓNG SÂN CỎ NHÂN TẠO\nNâng tầm kỹ năng của bạn cùng mẫu giày đá banh NIKE REACT PHANTOM GX PRO TF hoàn toàn mới! Là bản nâng cấp hoàn toàn mới của Phantom GT 2, Phantom GX sẽ là đôi giày hoàn hảo dành cho những ai tìm kiếm sự chính xác tuyệt đối trên sân. \nThông số kỹ thuật:\nNIKE REACT PHANTOM GX PRO TF là mẫu giày đá banh đế TF dành cho sân cỏ nhân tạo 5-7 người. \nPhần upper làm từ da tổng hợp siêu mềm với cấu trúc tương tự sợi dệt giúp đem lại cảm giác bóng thật chân hơn cho người mang.  \nTương tự như các thế hệ tiền nhiệm, trên bề mặt Phantom GX Pro TF được trang bị thêm lớp phủ NikeSkin giúp tăng độ bám bóng, từ đó có thể kiểm soát và rê bóng tốt hơn ở bất kỳ điều kiện thời tiết. \nHệ thống dây giày được thiết kế lệch về phía má ngoài nhằm mở rộng diện tích sút và chuyền bóng.\nLưỡi gà và cổ giày được làm từ sợi dệt với độ co giãn cao, mang đến sự ôm chân chắc chắn nhưng không kém phần thoải mái.\nLớp đệm gót giày với chất liệu vải nhung êm mịn, tạo cảm giác ôm chân vừa vặn và thoải mái. Khung bọc gót được làm mềm hơn trước giúp hỗ trợ tốt hơn cho quá trình break-in. Đồng thời, chúng còn làm giảm áp lực tác động lên khu vực gót chân người mang mà không gây ảnh hưởng đến cấu trúc và sự ổn định của đôi giày.\n',1,0,7,'2023-08-06 22:45:01','2023-08-06 22:45:01'),(40,'giày ronaldo','nhanh',1200000,1000000,11,'https://product.hstatic.net/200000278317/product/giay-da-bong-mizuno-alpha-pro-as-tf-p1gd236464-do-trang-1_954e0216711c428f8d534234675b0ff0_master.jpg','nhanh bền bỉ',NULL,0,7,'2023-08-09 16:25:50','2023-08-09 16:25:50'),(41,'giày messi','nhanh',120000,1100000,9,'https://product.hstatic.net/200000278317/product/giay-da-bong-mizuno-alpha-pro-as-tf-p1gd236464-do-trang-1_954e0216711c428f8d534234675b0ff0_master.jpg','nhanh nha',NULL,0,7,'2023-08-09 16:27:27','2023-08-09 17:59:38'),(42,'Joma X CRAZYFAST.1 TF - IE6632 -TRẮNG/VÀNG CHANH','Thông số kỹ thuật:',3500000,3000000,10,'https://product.hstatic.net/200000278317/product/giay-da-bong-nike-react-phantom-gx-pro-tf-dd9466-600-do-den-1_09b816e96b604670b553ea0750d4c09d_master.jpg','NIKE REACT PHANTOM GX PRO TF - GIÀY ĐÁ BÓNG SÂN CỎ NHÂN TẠO\nNâng tầm kỹ năng của bạn cùng mẫu giày đá banh NIKE REACT PHANTOM GX PRO TF hoàn toàn mới! Là bản nâng cấp hoàn toàn mới của Phantom GT 2, Phantom GX sẽ là đôi giày hoàn hảo dành cho những ai tìm kiếm sự chính xác tuyệt đối trên sân. \nThông số kỹ thuật:\nNIKE REACT PHANTOM GX PRO TF là mẫu giày đá banh đế TF dành cho sân cỏ nhân tạo 5-7 người. \nPhần upper làm từ da tổng hợp siêu mềm với cấu trúc tương tự sợi dệt giúp đem lại cảm giác bóng thật chân hơn cho người mang.  \nTương tự như các thế hệ tiền nhiệm, trên bề mặt Phantom GX Pro TF được trang bị thêm lớp phủ NikeSkin giúp tăng độ bám bóng, từ đó có thể kiểm soát và rê bóng tốt hơn ở bất kỳ điều kiện thời tiết. \nHệ thống dây giày được thiết kế lệch về phía má ngoài nhằm mở rộng diện tích sút và chuyền bóng.\nLưỡi gà và cổ giày được làm từ sợi dệt với độ co giãn cao, mang đến sự ôm chân chắc chắn nhưng không kém phần thoải mái.\nLớp đệm gót giày với chất liệu vải nhung êm mịn, tạo cảm giác ôm chân vừa vặn và thoải mái. Khung bọc gót được làm mềm hơn trước giúp hỗ trợ tốt hơn cho quá trình break-in. Đồng thời, chúng còn làm giảm áp lực tác động lên khu vực gót chân người mang mà không gây ảnh hưởng đến cấu trúc và sự ổn định của đôi giày.\n',1,0,7,'2023-08-10 21:53:36','2023-08-10 21:53:36'),(43,'Joma X CRAZYFAST.1 TF - IE6632 -TRẮNG/VÀNG CHANH','Thông số kỹ thuật:',3500000,3000000,10,'https://product.hstatic.net/200000278317/product/giay-da-bong-nike-react-phantom-gx-pro-tf-dd9466-600-do-den-1_09b816e96b604670b553ea0750d4c09d_master.jpg','NIKE REACT PHANTOM GX PRO TF - GIÀY ĐÁ BÓNG SÂN CỎ NHÂN TẠO\nNâng tầm kỹ năng của bạn cùng mẫu giày đá banh NIKE REACT PHANTOM GX PRO TF hoàn toàn mới! Là bản nâng cấp hoàn toàn mới của Phantom GT 2, Phantom GX sẽ là đôi giày hoàn hảo dành cho những ai tìm kiếm sự chính xác tuyệt đối trên sân. \nThông số kỹ thuật:\nNIKE REACT PHANTOM GX PRO TF là mẫu giày đá banh đế TF dành cho sân cỏ nhân tạo 5-7 người. \nPhần upper làm từ da tổng hợp siêu mềm với cấu trúc tương tự sợi dệt giúp đem lại cảm giác bóng thật chân hơn cho người mang.  \nTương tự như các thế hệ tiền nhiệm, trên bề mặt Phantom GX Pro TF được trang bị thêm lớp phủ NikeSkin giúp tăng độ bám bóng, từ đó có thể kiểm soát và rê bóng tốt hơn ở bất kỳ điều kiện thời tiết. \nHệ thống dây giày được thiết kế lệch về phía má ngoài nhằm mở rộng diện tích sút và chuyền bóng.\nLưỡi gà và cổ giày được làm từ sợi dệt với độ co giãn cao, mang đến sự ôm chân chắc chắn nhưng không kém phần thoải mái.\nLớp đệm gót giày với chất liệu vải nhung êm mịn, tạo cảm giác ôm chân vừa vặn và thoải mái. Khung bọc gót được làm mềm hơn trước giúp hỗ trợ tốt hơn cho quá trình break-in. Đồng thời, chúng còn làm giảm áp lực tác động lên khu vực gót chân người mang mà không gây ảnh hưởng đến cấu trúc và sự ổn định của đôi giày.\n',1,0,7,'2023-08-10 21:53:36','2023-08-10 21:53:36'),(44,'Joma X CRAZYFAST.1 TF - IE6632 -TRẮNG/VÀNG CHANH','Thông số kỹ thuật:',3500000,3000000,10,'https://product.hstatic.net/200000278317/product/giay-da-bong-nike-react-phantom-gx-pro-tf-dd9466-600-do-den-1_09b816e96b604670b553ea0750d4c09d_master.jpg','NIKE REACT PHANTOM GX PRO TF - GIÀY ĐÁ BÓNG SÂN CỎ NHÂN TẠO\nNâng tầm kỹ năng của bạn cùng mẫu giày đá banh NIKE REACT PHANTOM GX PRO TF hoàn toàn mới! Là bản nâng cấp hoàn toàn mới của Phantom GT 2, Phantom GX sẽ là đôi giày hoàn hảo dành cho những ai tìm kiếm sự chính xác tuyệt đối trên sân. \nThông số kỹ thuật:\nNIKE REACT PHANTOM GX PRO TF là mẫu giày đá banh đế TF dành cho sân cỏ nhân tạo 5-7 người. \nPhần upper làm từ da tổng hợp siêu mềm với cấu trúc tương tự sợi dệt giúp đem lại cảm giác bóng thật chân hơn cho người mang.  \nTương tự như các thế hệ tiền nhiệm, trên bề mặt Phantom GX Pro TF được trang bị thêm lớp phủ NikeSkin giúp tăng độ bám bóng, từ đó có thể kiểm soát và rê bóng tốt hơn ở bất kỳ điều kiện thời tiết. \nHệ thống dây giày được thiết kế lệch về phía má ngoài nhằm mở rộng diện tích sút và chuyền bóng.\nLưỡi gà và cổ giày được làm từ sợi dệt với độ co giãn cao, mang đến sự ôm chân chắc chắn nhưng không kém phần thoải mái.\nLớp đệm gót giày với chất liệu vải nhung êm mịn, tạo cảm giác ôm chân vừa vặn và thoải mái. Khung bọc gót được làm mềm hơn trước giúp hỗ trợ tốt hơn cho quá trình break-in. Đồng thời, chúng còn làm giảm áp lực tác động lên khu vực gót chân người mang mà không gây ảnh hưởng đến cấu trúc và sự ổn định của đôi giày.\n',1,0,7,'2023-08-10 21:53:37','2023-08-10 21:53:37'),(45,'Joma X CRAZYFAST.1 TF - IE6632 -TRẮNG/VÀNG CHANH','Thông số kỹ thuật:',3500000,3000000,10,'https://product.hstatic.net/200000278317/product/giay-da-bong-nike-react-phantom-gx-pro-tf-dd9466-600-do-den-1_09b816e96b604670b553ea0750d4c09d_master.jpg','NIKE REACT PHANTOM GX PRO TF - GIÀY ĐÁ BÓNG SÂN CỎ NHÂN TẠO\nNâng tầm kỹ năng của bạn cùng mẫu giày đá banh NIKE REACT PHANTOM GX PRO TF hoàn toàn mới! Là bản nâng cấp hoàn toàn mới của Phantom GT 2, Phantom GX sẽ là đôi giày hoàn hảo dành cho những ai tìm kiếm sự chính xác tuyệt đối trên sân. \nThông số kỹ thuật:\nNIKE REACT PHANTOM GX PRO TF là mẫu giày đá banh đế TF dành cho sân cỏ nhân tạo 5-7 người. \nPhần upper làm từ da tổng hợp siêu mềm với cấu trúc tương tự sợi dệt giúp đem lại cảm giác bóng thật chân hơn cho người mang.  \nTương tự như các thế hệ tiền nhiệm, trên bề mặt Phantom GX Pro TF được trang bị thêm lớp phủ NikeSkin giúp tăng độ bám bóng, từ đó có thể kiểm soát và rê bóng tốt hơn ở bất kỳ điều kiện thời tiết. \nHệ thống dây giày được thiết kế lệch về phía má ngoài nhằm mở rộng diện tích sút và chuyền bóng.\nLưỡi gà và cổ giày được làm từ sợi dệt với độ co giãn cao, mang đến sự ôm chân chắc chắn nhưng không kém phần thoải mái.\nLớp đệm gót giày với chất liệu vải nhung êm mịn, tạo cảm giác ôm chân vừa vặn và thoải mái. Khung bọc gót được làm mềm hơn trước giúp hỗ trợ tốt hơn cho quá trình break-in. Đồng thời, chúng còn làm giảm áp lực tác động lên khu vực gót chân người mang mà không gây ảnh hưởng đến cấu trúc và sự ổn định của đôi giày.\n',1,0,7,'2023-08-10 21:53:37','2023-08-10 21:53:37'),(46,'Joma X CRAZYFAST.1 TF - IE6632 -TRẮNG/VÀNG CHANH','Thông số kỹ thuật:',3500000,3000000,10,'https://product.hstatic.net/200000278317/product/giay-da-bong-nike-react-phantom-gx-pro-tf-dd9466-600-do-den-1_09b816e96b604670b553ea0750d4c09d_master.jpg','NIKE REACT PHANTOM GX PRO TF - GIÀY ĐÁ BÓNG SÂN CỎ NHÂN TẠO\nNâng tầm kỹ năng của bạn cùng mẫu giày đá banh NIKE REACT PHANTOM GX PRO TF hoàn toàn mới! Là bản nâng cấp hoàn toàn mới của Phantom GT 2, Phantom GX sẽ là đôi giày hoàn hảo dành cho những ai tìm kiếm sự chính xác tuyệt đối trên sân. \nThông số kỹ thuật:\nNIKE REACT PHANTOM GX PRO TF là mẫu giày đá banh đế TF dành cho sân cỏ nhân tạo 5-7 người. \nPhần upper làm từ da tổng hợp siêu mềm với cấu trúc tương tự sợi dệt giúp đem lại cảm giác bóng thật chân hơn cho người mang.  \nTương tự như các thế hệ tiền nhiệm, trên bề mặt Phantom GX Pro TF được trang bị thêm lớp phủ NikeSkin giúp tăng độ bám bóng, từ đó có thể kiểm soát và rê bóng tốt hơn ở bất kỳ điều kiện thời tiết. \nHệ thống dây giày được thiết kế lệch về phía má ngoài nhằm mở rộng diện tích sút và chuyền bóng.\nLưỡi gà và cổ giày được làm từ sợi dệt với độ co giãn cao, mang đến sự ôm chân chắc chắn nhưng không kém phần thoải mái.\nLớp đệm gót giày với chất liệu vải nhung êm mịn, tạo cảm giác ôm chân vừa vặn và thoải mái. Khung bọc gót được làm mềm hơn trước giúp hỗ trợ tốt hơn cho quá trình break-in. Đồng thời, chúng còn làm giảm áp lực tác động lên khu vực gót chân người mang mà không gây ảnh hưởng đến cấu trúc và sự ổn định của đôi giày.\n',1,0,7,'2023-08-10 21:53:37','2023-08-10 21:53:37'),(47,'Joma X CRAZYFAST.1 TF - IE6632 -TRẮNG/VÀNG CHANH','Thông số kỹ thuật:',3500000,3000000,10,'https://product.hstatic.net/200000278317/product/giay-da-bong-nike-react-phantom-gx-pro-tf-dd9466-600-do-den-1_09b816e96b604670b553ea0750d4c09d_master.jpg','NIKE REACT PHANTOM GX PRO TF - GIÀY ĐÁ BÓNG SÂN CỎ NHÂN TẠO\nNâng tầm kỹ năng của bạn cùng mẫu giày đá banh NIKE REACT PHANTOM GX PRO TF hoàn toàn mới! Là bản nâng cấp hoàn toàn mới của Phantom GT 2, Phantom GX sẽ là đôi giày hoàn hảo dành cho những ai tìm kiếm sự chính xác tuyệt đối trên sân. \nThông số kỹ thuật:\nNIKE REACT PHANTOM GX PRO TF là mẫu giày đá banh đế TF dành cho sân cỏ nhân tạo 5-7 người. \nPhần upper làm từ da tổng hợp siêu mềm với cấu trúc tương tự sợi dệt giúp đem lại cảm giác bóng thật chân hơn cho người mang.  \nTương tự như các thế hệ tiền nhiệm, trên bề mặt Phantom GX Pro TF được trang bị thêm lớp phủ NikeSkin giúp tăng độ bám bóng, từ đó có thể kiểm soát và rê bóng tốt hơn ở bất kỳ điều kiện thời tiết. \nHệ thống dây giày được thiết kế lệch về phía má ngoài nhằm mở rộng diện tích sút và chuyền bóng.\nLưỡi gà và cổ giày được làm từ sợi dệt với độ co giãn cao, mang đến sự ôm chân chắc chắn nhưng không kém phần thoải mái.\nLớp đệm gót giày với chất liệu vải nhung êm mịn, tạo cảm giác ôm chân vừa vặn và thoải mái. Khung bọc gót được làm mềm hơn trước giúp hỗ trợ tốt hơn cho quá trình break-in. Đồng thời, chúng còn làm giảm áp lực tác động lên khu vực gót chân người mang mà không gây ảnh hưởng đến cấu trúc và sự ổn định của đôi giày.\n',1,0,7,'2023-08-10 21:53:37','2023-08-10 21:53:37'),(48,'Joma X CRAZYFAST.1 TF - IE6632 -TRẮNG/VÀNG CHANH','Thông số kỹ thuật:',3500000,3000000,10,'https://product.hstatic.net/200000278317/product/giay-da-bong-nike-react-phantom-gx-pro-tf-dd9466-600-do-den-1_09b816e96b604670b553ea0750d4c09d_master.jpg','NIKE REACT PHANTOM GX PRO TF - GIÀY ĐÁ BÓNG SÂN CỎ NHÂN TẠO\nNâng tầm kỹ năng của bạn cùng mẫu giày đá banh NIKE REACT PHANTOM GX PRO TF hoàn toàn mới! Là bản nâng cấp hoàn toàn mới của Phantom GT 2, Phantom GX sẽ là đôi giày hoàn hảo dành cho những ai tìm kiếm sự chính xác tuyệt đối trên sân. \nThông số kỹ thuật:\nNIKE REACT PHANTOM GX PRO TF là mẫu giày đá banh đế TF dành cho sân cỏ nhân tạo 5-7 người. \nPhần upper làm từ da tổng hợp siêu mềm với cấu trúc tương tự sợi dệt giúp đem lại cảm giác bóng thật chân hơn cho người mang.  \nTương tự như các thế hệ tiền nhiệm, trên bề mặt Phantom GX Pro TF được trang bị thêm lớp phủ NikeSkin giúp tăng độ bám bóng, từ đó có thể kiểm soát và rê bóng tốt hơn ở bất kỳ điều kiện thời tiết. \nHệ thống dây giày được thiết kế lệch về phía má ngoài nhằm mở rộng diện tích sút và chuyền bóng.\nLưỡi gà và cổ giày được làm từ sợi dệt với độ co giãn cao, mang đến sự ôm chân chắc chắn nhưng không kém phần thoải mái.\nLớp đệm gót giày với chất liệu vải nhung êm mịn, tạo cảm giác ôm chân vừa vặn và thoải mái. Khung bọc gót được làm mềm hơn trước giúp hỗ trợ tốt hơn cho quá trình break-in. Đồng thời, chúng còn làm giảm áp lực tác động lên khu vực gót chân người mang mà không gây ảnh hưởng đến cấu trúc và sự ổn định của đôi giày.\n',1,0,7,'2023-08-10 21:53:37','2023-08-10 21:53:37'),(49,'Joma X CRAZYFAST.1 TF - IE6632 -TRẮNG/VÀNG CHANH','Thông số kỹ thuật:',3500000,3000000,10,'https://product.hstatic.net/200000278317/product/giay-da-bong-nike-react-phantom-gx-pro-tf-dd9466-600-do-den-1_09b816e96b604670b553ea0750d4c09d_master.jpg','NIKE REACT PHANTOM GX PRO TF - GIÀY ĐÁ BÓNG SÂN CỎ NHÂN TẠO\nNâng tầm kỹ năng của bạn cùng mẫu giày đá banh NIKE REACT PHANTOM GX PRO TF hoàn toàn mới! Là bản nâng cấp hoàn toàn mới của Phantom GT 2, Phantom GX sẽ là đôi giày hoàn hảo dành cho những ai tìm kiếm sự chính xác tuyệt đối trên sân. \nThông số kỹ thuật:\nNIKE REACT PHANTOM GX PRO TF là mẫu giày đá banh đế TF dành cho sân cỏ nhân tạo 5-7 người. \nPhần upper làm từ da tổng hợp siêu mềm với cấu trúc tương tự sợi dệt giúp đem lại cảm giác bóng thật chân hơn cho người mang.  \nTương tự như các thế hệ tiền nhiệm, trên bề mặt Phantom GX Pro TF được trang bị thêm lớp phủ NikeSkin giúp tăng độ bám bóng, từ đó có thể kiểm soát và rê bóng tốt hơn ở bất kỳ điều kiện thời tiết. \nHệ thống dây giày được thiết kế lệch về phía má ngoài nhằm mở rộng diện tích sút và chuyền bóng.\nLưỡi gà và cổ giày được làm từ sợi dệt với độ co giãn cao, mang đến sự ôm chân chắc chắn nhưng không kém phần thoải mái.\nLớp đệm gót giày với chất liệu vải nhung êm mịn, tạo cảm giác ôm chân vừa vặn và thoải mái. Khung bọc gót được làm mềm hơn trước giúp hỗ trợ tốt hơn cho quá trình break-in. Đồng thời, chúng còn làm giảm áp lực tác động lên khu vực gót chân người mang mà không gây ảnh hưởng đến cấu trúc và sự ổn định của đôi giày.\n',1,0,7,'2023-08-10 21:53:38','2023-08-10 21:53:38'),(50,'Joma X CRAZYFAST.1 TF - IE6632 -TRẮNG/VÀNG CHANH','Thông số kỹ thuật:',3500000,3000000,10,'https://product.hstatic.net/200000278317/product/giay-da-bong-nike-react-phantom-gx-pro-tf-dd9466-600-do-den-1_09b816e96b604670b553ea0750d4c09d_master.jpg','NIKE REACT PHANTOM GX PRO TF - GIÀY ĐÁ BÓNG SÂN CỎ NHÂN TẠO\nNâng tầm kỹ năng của bạn cùng mẫu giày đá banh NIKE REACT PHANTOM GX PRO TF hoàn toàn mới! Là bản nâng cấp hoàn toàn mới của Phantom GT 2, Phantom GX sẽ là đôi giày hoàn hảo dành cho những ai tìm kiếm sự chính xác tuyệt đối trên sân. \nThông số kỹ thuật:\nNIKE REACT PHANTOM GX PRO TF là mẫu giày đá banh đế TF dành cho sân cỏ nhân tạo 5-7 người. \nPhần upper làm từ da tổng hợp siêu mềm với cấu trúc tương tự sợi dệt giúp đem lại cảm giác bóng thật chân hơn cho người mang.  \nTương tự như các thế hệ tiền nhiệm, trên bề mặt Phantom GX Pro TF được trang bị thêm lớp phủ NikeSkin giúp tăng độ bám bóng, từ đó có thể kiểm soát và rê bóng tốt hơn ở bất kỳ điều kiện thời tiết. \nHệ thống dây giày được thiết kế lệch về phía má ngoài nhằm mở rộng diện tích sút và chuyền bóng.\nLưỡi gà và cổ giày được làm từ sợi dệt với độ co giãn cao, mang đến sự ôm chân chắc chắn nhưng không kém phần thoải mái.\nLớp đệm gót giày với chất liệu vải nhung êm mịn, tạo cảm giác ôm chân vừa vặn và thoải mái. Khung bọc gót được làm mềm hơn trước giúp hỗ trợ tốt hơn cho quá trình break-in. Đồng thời, chúng còn làm giảm áp lực tác động lên khu vực gót chân người mang mà không gây ảnh hưởng đến cấu trúc và sự ổn định của đôi giày.\n',1,0,7,'2023-08-10 21:53:38','2023-08-10 21:53:38'),(51,'Joma X CRAZYFAST.1 TF - IE6632 -TRẮNG/VÀNG CHANH','Thông số kỹ thuật:',3500000,3000000,10,'https://product.hstatic.net/200000278317/product/giay-da-bong-nike-react-phantom-gx-pro-tf-dd9466-600-do-den-1_09b816e96b604670b553ea0750d4c09d_master.jpg','NIKE REACT PHANTOM GX PRO TF - GIÀY ĐÁ BÓNG SÂN CỎ NHÂN TẠO\nNâng tầm kỹ năng của bạn cùng mẫu giày đá banh NIKE REACT PHANTOM GX PRO TF hoàn toàn mới! Là bản nâng cấp hoàn toàn mới của Phantom GT 2, Phantom GX sẽ là đôi giày hoàn hảo dành cho những ai tìm kiếm sự chính xác tuyệt đối trên sân. \nThông số kỹ thuật:\nNIKE REACT PHANTOM GX PRO TF là mẫu giày đá banh đế TF dành cho sân cỏ nhân tạo 5-7 người. \nPhần upper làm từ da tổng hợp siêu mềm với cấu trúc tương tự sợi dệt giúp đem lại cảm giác bóng thật chân hơn cho người mang.  \nTương tự như các thế hệ tiền nhiệm, trên bề mặt Phantom GX Pro TF được trang bị thêm lớp phủ NikeSkin giúp tăng độ bám bóng, từ đó có thể kiểm soát và rê bóng tốt hơn ở bất kỳ điều kiện thời tiết. \nHệ thống dây giày được thiết kế lệch về phía má ngoài nhằm mở rộng diện tích sút và chuyền bóng.\nLưỡi gà và cổ giày được làm từ sợi dệt với độ co giãn cao, mang đến sự ôm chân chắc chắn nhưng không kém phần thoải mái.\nLớp đệm gót giày với chất liệu vải nhung êm mịn, tạo cảm giác ôm chân vừa vặn và thoải mái. Khung bọc gót được làm mềm hơn trước giúp hỗ trợ tốt hơn cho quá trình break-in. Đồng thời, chúng còn làm giảm áp lực tác động lên khu vực gót chân người mang mà không gây ảnh hưởng đến cấu trúc và sự ổn định của đôi giày.\n',1,0,7,'2023-08-10 21:53:38','2023-08-10 21:53:38'),(52,'Joma X CRAZYFAST.1 TF - IE6632 -TRẮNG/VÀNG CHANH','Thông số kỹ thuật:',3500000,3000000,10,'https://product.hstatic.net/200000278317/product/giay-da-bong-nike-react-phantom-gx-pro-tf-dd9466-600-do-den-1_09b816e96b604670b553ea0750d4c09d_master.jpg','NIKE REACT PHANTOM GX PRO TF - GIÀY ĐÁ BÓNG SÂN CỎ NHÂN TẠO\nNâng tầm kỹ năng của bạn cùng mẫu giày đá banh NIKE REACT PHANTOM GX PRO TF hoàn toàn mới! Là bản nâng cấp hoàn toàn mới của Phantom GT 2, Phantom GX sẽ là đôi giày hoàn hảo dành cho những ai tìm kiếm sự chính xác tuyệt đối trên sân. \nThông số kỹ thuật:\nNIKE REACT PHANTOM GX PRO TF là mẫu giày đá banh đế TF dành cho sân cỏ nhân tạo 5-7 người. \nPhần upper làm từ da tổng hợp siêu mềm với cấu trúc tương tự sợi dệt giúp đem lại cảm giác bóng thật chân hơn cho người mang.  \nTương tự như các thế hệ tiền nhiệm, trên bề mặt Phantom GX Pro TF được trang bị thêm lớp phủ NikeSkin giúp tăng độ bám bóng, từ đó có thể kiểm soát và rê bóng tốt hơn ở bất kỳ điều kiện thời tiết. \nHệ thống dây giày được thiết kế lệch về phía má ngoài nhằm mở rộng diện tích sút và chuyền bóng.\nLưỡi gà và cổ giày được làm từ sợi dệt với độ co giãn cao, mang đến sự ôm chân chắc chắn nhưng không kém phần thoải mái.\nLớp đệm gót giày với chất liệu vải nhung êm mịn, tạo cảm giác ôm chân vừa vặn và thoải mái. Khung bọc gót được làm mềm hơn trước giúp hỗ trợ tốt hơn cho quá trình break-in. Đồng thời, chúng còn làm giảm áp lực tác động lên khu vực gót chân người mang mà không gây ảnh hưởng đến cấu trúc và sự ổn định của đôi giày.\n',1,0,7,'2023-08-10 21:53:38','2023-08-10 21:53:38'),(53,'Joma X CRAZYFAST.1 TF - IE6632 -TRẮNG/VÀNG CHANH','Thông số kỹ thuật:',3500000,3000000,10,'https://product.hstatic.net/200000278317/product/giay-da-bong-nike-react-phantom-gx-pro-tf-dd9466-600-do-den-1_09b816e96b604670b553ea0750d4c09d_master.jpg','NIKE REACT PHANTOM GX PRO TF - GIÀY ĐÁ BÓNG SÂN CỎ NHÂN TẠO\nNâng tầm kỹ năng của bạn cùng mẫu giày đá banh NIKE REACT PHANTOM GX PRO TF hoàn toàn mới! Là bản nâng cấp hoàn toàn mới của Phantom GT 2, Phantom GX sẽ là đôi giày hoàn hảo dành cho những ai tìm kiếm sự chính xác tuyệt đối trên sân. \nThông số kỹ thuật:\nNIKE REACT PHANTOM GX PRO TF là mẫu giày đá banh đế TF dành cho sân cỏ nhân tạo 5-7 người. \nPhần upper làm từ da tổng hợp siêu mềm với cấu trúc tương tự sợi dệt giúp đem lại cảm giác bóng thật chân hơn cho người mang.  \nTương tự như các thế hệ tiền nhiệm, trên bề mặt Phantom GX Pro TF được trang bị thêm lớp phủ NikeSkin giúp tăng độ bám bóng, từ đó có thể kiểm soát và rê bóng tốt hơn ở bất kỳ điều kiện thời tiết. \nHệ thống dây giày được thiết kế lệch về phía má ngoài nhằm mở rộng diện tích sút và chuyền bóng.\nLưỡi gà và cổ giày được làm từ sợi dệt với độ co giãn cao, mang đến sự ôm chân chắc chắn nhưng không kém phần thoải mái.\nLớp đệm gót giày với chất liệu vải nhung êm mịn, tạo cảm giác ôm chân vừa vặn và thoải mái. Khung bọc gót được làm mềm hơn trước giúp hỗ trợ tốt hơn cho quá trình break-in. Đồng thời, chúng còn làm giảm áp lực tác động lên khu vực gót chân người mang mà không gây ảnh hưởng đến cấu trúc và sự ổn định của đôi giày.\n',1,0,7,'2023-08-10 21:53:38','2023-08-10 21:53:38'),(54,'Joma X CRAZYFAST.1 TF - IE6632 -TRẮNG/VÀNG CHANH','Thông số kỹ thuật:',3500000,3000000,10,'https://product.hstatic.net/200000278317/product/giay-da-bong-nike-react-phantom-gx-pro-tf-dd9466-600-do-den-1_09b816e96b604670b553ea0750d4c09d_master.jpg','NIKE REACT PHANTOM GX PRO TF - GIÀY ĐÁ BÓNG SÂN CỎ NHÂN TẠO\nNâng tầm kỹ năng của bạn cùng mẫu giày đá banh NIKE REACT PHANTOM GX PRO TF hoàn toàn mới! Là bản nâng cấp hoàn toàn mới của Phantom GT 2, Phantom GX sẽ là đôi giày hoàn hảo dành cho những ai tìm kiếm sự chính xác tuyệt đối trên sân. \nThông số kỹ thuật:\nNIKE REACT PHANTOM GX PRO TF là mẫu giày đá banh đế TF dành cho sân cỏ nhân tạo 5-7 người. \nPhần upper làm từ da tổng hợp siêu mềm với cấu trúc tương tự sợi dệt giúp đem lại cảm giác bóng thật chân hơn cho người mang.  \nTương tự như các thế hệ tiền nhiệm, trên bề mặt Phantom GX Pro TF được trang bị thêm lớp phủ NikeSkin giúp tăng độ bám bóng, từ đó có thể kiểm soát và rê bóng tốt hơn ở bất kỳ điều kiện thời tiết. \nHệ thống dây giày được thiết kế lệch về phía má ngoài nhằm mở rộng diện tích sút và chuyền bóng.\nLưỡi gà và cổ giày được làm từ sợi dệt với độ co giãn cao, mang đến sự ôm chân chắc chắn nhưng không kém phần thoải mái.\nLớp đệm gót giày với chất liệu vải nhung êm mịn, tạo cảm giác ôm chân vừa vặn và thoải mái. Khung bọc gót được làm mềm hơn trước giúp hỗ trợ tốt hơn cho quá trình break-in. Đồng thời, chúng còn làm giảm áp lực tác động lên khu vực gót chân người mang mà không gây ảnh hưởng đến cấu trúc và sự ổn định của đôi giày.\n',1,0,7,'2023-08-10 21:53:38','2023-08-10 21:53:38'),(55,'Joma X CRAZYFAST.1 TF - IE6632 -TRẮNG/VÀNG CHANH','Thông số kỹ thuật:',3500000,3000000,10,'https://product.hstatic.net/200000278317/product/giay-da-bong-nike-react-phantom-gx-pro-tf-dd9466-600-do-den-1_09b816e96b604670b553ea0750d4c09d_master.jpg','NIKE REACT PHANTOM GX PRO TF - GIÀY ĐÁ BÓNG SÂN CỎ NHÂN TẠO\nNâng tầm kỹ năng của bạn cùng mẫu giày đá banh NIKE REACT PHANTOM GX PRO TF hoàn toàn mới! Là bản nâng cấp hoàn toàn mới của Phantom GT 2, Phantom GX sẽ là đôi giày hoàn hảo dành cho những ai tìm kiếm sự chính xác tuyệt đối trên sân. \nThông số kỹ thuật:\nNIKE REACT PHANTOM GX PRO TF là mẫu giày đá banh đế TF dành cho sân cỏ nhân tạo 5-7 người. \nPhần upper làm từ da tổng hợp siêu mềm với cấu trúc tương tự sợi dệt giúp đem lại cảm giác bóng thật chân hơn cho người mang.  \nTương tự như các thế hệ tiền nhiệm, trên bề mặt Phantom GX Pro TF được trang bị thêm lớp phủ NikeSkin giúp tăng độ bám bóng, từ đó có thể kiểm soát và rê bóng tốt hơn ở bất kỳ điều kiện thời tiết. \nHệ thống dây giày được thiết kế lệch về phía má ngoài nhằm mở rộng diện tích sút và chuyền bóng.\nLưỡi gà và cổ giày được làm từ sợi dệt với độ co giãn cao, mang đến sự ôm chân chắc chắn nhưng không kém phần thoải mái.\nLớp đệm gót giày với chất liệu vải nhung êm mịn, tạo cảm giác ôm chân vừa vặn và thoải mái. Khung bọc gót được làm mềm hơn trước giúp hỗ trợ tốt hơn cho quá trình break-in. Đồng thời, chúng còn làm giảm áp lực tác động lên khu vực gót chân người mang mà không gây ảnh hưởng đến cấu trúc và sự ổn định của đôi giày.\n',1,0,7,'2023-08-10 21:53:38','2023-08-10 21:53:38'),(56,'Joma X CRAZYFAST.1 TF - IE6632 -TRẮNG/VÀNG CHANH','Thông số kỹ thuật:',3500000,3000000,10,'https://product.hstatic.net/200000278317/product/giay-da-bong-nike-react-phantom-gx-pro-tf-dd9466-600-do-den-1_09b816e96b604670b553ea0750d4c09d_master.jpg','NIKE REACT PHANTOM GX PRO TF - GIÀY ĐÁ BÓNG SÂN CỎ NHÂN TẠO\nNâng tầm kỹ năng của bạn cùng mẫu giày đá banh NIKE REACT PHANTOM GX PRO TF hoàn toàn mới! Là bản nâng cấp hoàn toàn mới của Phantom GT 2, Phantom GX sẽ là đôi giày hoàn hảo dành cho những ai tìm kiếm sự chính xác tuyệt đối trên sân. \nThông số kỹ thuật:\nNIKE REACT PHANTOM GX PRO TF là mẫu giày đá banh đế TF dành cho sân cỏ nhân tạo 5-7 người. \nPhần upper làm từ da tổng hợp siêu mềm với cấu trúc tương tự sợi dệt giúp đem lại cảm giác bóng thật chân hơn cho người mang.  \nTương tự như các thế hệ tiền nhiệm, trên bề mặt Phantom GX Pro TF được trang bị thêm lớp phủ NikeSkin giúp tăng độ bám bóng, từ đó có thể kiểm soát và rê bóng tốt hơn ở bất kỳ điều kiện thời tiết. \nHệ thống dây giày được thiết kế lệch về phía má ngoài nhằm mở rộng diện tích sút và chuyền bóng.\nLưỡi gà và cổ giày được làm từ sợi dệt với độ co giãn cao, mang đến sự ôm chân chắc chắn nhưng không kém phần thoải mái.\nLớp đệm gót giày với chất liệu vải nhung êm mịn, tạo cảm giác ôm chân vừa vặn và thoải mái. Khung bọc gót được làm mềm hơn trước giúp hỗ trợ tốt hơn cho quá trình break-in. Đồng thời, chúng còn làm giảm áp lực tác động lên khu vực gót chân người mang mà không gây ảnh hưởng đến cấu trúc và sự ổn định của đôi giày.\n',1,0,7,'2023-08-10 21:53:39','2023-08-10 21:53:39'),(57,'Joma X CRAZYFAST.1 TF - IE6632 -TRẮNG/VÀNG CHANH','Thông số kỹ thuật:',3500000,3000000,10,'https://product.hstatic.net/200000278317/product/giay-da-bong-nike-react-phantom-gx-pro-tf-dd9466-600-do-den-1_09b816e96b604670b553ea0750d4c09d_master.jpg','NIKE REACT PHANTOM GX PRO TF - GIÀY ĐÁ BÓNG SÂN CỎ NHÂN TẠO\nNâng tầm kỹ năng của bạn cùng mẫu giày đá banh NIKE REACT PHANTOM GX PRO TF hoàn toàn mới! Là bản nâng cấp hoàn toàn mới của Phantom GT 2, Phantom GX sẽ là đôi giày hoàn hảo dành cho những ai tìm kiếm sự chính xác tuyệt đối trên sân. \nThông số kỹ thuật:\nNIKE REACT PHANTOM GX PRO TF là mẫu giày đá banh đế TF dành cho sân cỏ nhân tạo 5-7 người. \nPhần upper làm từ da tổng hợp siêu mềm với cấu trúc tương tự sợi dệt giúp đem lại cảm giác bóng thật chân hơn cho người mang.  \nTương tự như các thế hệ tiền nhiệm, trên bề mặt Phantom GX Pro TF được trang bị thêm lớp phủ NikeSkin giúp tăng độ bám bóng, từ đó có thể kiểm soát và rê bóng tốt hơn ở bất kỳ điều kiện thời tiết. \nHệ thống dây giày được thiết kế lệch về phía má ngoài nhằm mở rộng diện tích sút và chuyền bóng.\nLưỡi gà và cổ giày được làm từ sợi dệt với độ co giãn cao, mang đến sự ôm chân chắc chắn nhưng không kém phần thoải mái.\nLớp đệm gót giày với chất liệu vải nhung êm mịn, tạo cảm giác ôm chân vừa vặn và thoải mái. Khung bọc gót được làm mềm hơn trước giúp hỗ trợ tốt hơn cho quá trình break-in. Đồng thời, chúng còn làm giảm áp lực tác động lên khu vực gót chân người mang mà không gây ảnh hưởng đến cấu trúc và sự ổn định của đôi giày.\n',1,0,7,'2023-08-10 21:53:39','2023-08-10 21:53:39'),(58,'Joma X CRAZYFAST.1 TF - IE6632 -TRẮNG/VÀNG CHANH','Thông số kỹ thuật:',3500000,3000000,10,'https://product.hstatic.net/200000278317/product/giay-da-bong-nike-react-phantom-gx-pro-tf-dd9466-600-do-den-1_09b816e96b604670b553ea0750d4c09d_master.jpg','NIKE REACT PHANTOM GX PRO TF - GIÀY ĐÁ BÓNG SÂN CỎ NHÂN TẠO\nNâng tầm kỹ năng của bạn cùng mẫu giày đá banh NIKE REACT PHANTOM GX PRO TF hoàn toàn mới! Là bản nâng cấp hoàn toàn mới của Phantom GT 2, Phantom GX sẽ là đôi giày hoàn hảo dành cho những ai tìm kiếm sự chính xác tuyệt đối trên sân. \nThông số kỹ thuật:\nNIKE REACT PHANTOM GX PRO TF là mẫu giày đá banh đế TF dành cho sân cỏ nhân tạo 5-7 người. \nPhần upper làm từ da tổng hợp siêu mềm với cấu trúc tương tự sợi dệt giúp đem lại cảm giác bóng thật chân hơn cho người mang.  \nTương tự như các thế hệ tiền nhiệm, trên bề mặt Phantom GX Pro TF được trang bị thêm lớp phủ NikeSkin giúp tăng độ bám bóng, từ đó có thể kiểm soát và rê bóng tốt hơn ở bất kỳ điều kiện thời tiết. \nHệ thống dây giày được thiết kế lệch về phía má ngoài nhằm mở rộng diện tích sút và chuyền bóng.\nLưỡi gà và cổ giày được làm từ sợi dệt với độ co giãn cao, mang đến sự ôm chân chắc chắn nhưng không kém phần thoải mái.\nLớp đệm gót giày với chất liệu vải nhung êm mịn, tạo cảm giác ôm chân vừa vặn và thoải mái. Khung bọc gót được làm mềm hơn trước giúp hỗ trợ tốt hơn cho quá trình break-in. Đồng thời, chúng còn làm giảm áp lực tác động lên khu vực gót chân người mang mà không gây ảnh hưởng đến cấu trúc và sự ổn định của đôi giày.\n',1,0,7,'2023-08-10 21:53:39','2023-08-10 21:53:39'),(59,'Joma X CRAZYFAST.1 TF - IE6632 -TRẮNG/VÀNG CHANH','Thông số kỹ thuật:',3500000,3000000,10,'https://product.hstatic.net/200000278317/product/giay-da-bong-nike-react-phantom-gx-pro-tf-dd9466-600-do-den-1_09b816e96b604670b553ea0750d4c09d_master.jpg','NIKE REACT PHANTOM GX PRO TF - GIÀY ĐÁ BÓNG SÂN CỎ NHÂN TẠO\nNâng tầm kỹ năng của bạn cùng mẫu giày đá banh NIKE REACT PHANTOM GX PRO TF hoàn toàn mới! Là bản nâng cấp hoàn toàn mới của Phantom GT 2, Phantom GX sẽ là đôi giày hoàn hảo dành cho những ai tìm kiếm sự chính xác tuyệt đối trên sân. \nThông số kỹ thuật:\nNIKE REACT PHANTOM GX PRO TF là mẫu giày đá banh đế TF dành cho sân cỏ nhân tạo 5-7 người. \nPhần upper làm từ da tổng hợp siêu mềm với cấu trúc tương tự sợi dệt giúp đem lại cảm giác bóng thật chân hơn cho người mang.  \nTương tự như các thế hệ tiền nhiệm, trên bề mặt Phantom GX Pro TF được trang bị thêm lớp phủ NikeSkin giúp tăng độ bám bóng, từ đó có thể kiểm soát và rê bóng tốt hơn ở bất kỳ điều kiện thời tiết. \nHệ thống dây giày được thiết kế lệch về phía má ngoài nhằm mở rộng diện tích sút và chuyền bóng.\nLưỡi gà và cổ giày được làm từ sợi dệt với độ co giãn cao, mang đến sự ôm chân chắc chắn nhưng không kém phần thoải mái.\nLớp đệm gót giày với chất liệu vải nhung êm mịn, tạo cảm giác ôm chân vừa vặn và thoải mái. Khung bọc gót được làm mềm hơn trước giúp hỗ trợ tốt hơn cho quá trình break-in. Đồng thời, chúng còn làm giảm áp lực tác động lên khu vực gót chân người mang mà không gây ảnh hưởng đến cấu trúc và sự ổn định của đôi giày.\n',1,0,7,'2023-08-10 21:53:39','2023-08-10 21:53:39');


--
-- Table structure for table `role`
--


CREATE TABLE `role` (
  `id` int NOT NULL AUTO_INCREMENT,
  `name` varchar(50) NOT NULL,
  PRIMARY KEY (`id`),
  UNIQUE KEY `name` (`name`)
) ENGINE=InnoDB AUTO_INCREMENT=3 DEFAULT CHARSET=utf8mb4 ;


--
-- Dumping data for table `role`
--

INSERT INTO `role` VALUES (1,'admin'),(2,'user');



--
-- Table structure for table `user`
--

CREATE TABLE `user` (
  `id` int NOT NULL AUTO_INCREMENT,
  `username` varchar(50) NOT NULL,
  `email` varchar(200) NOT NULL,
  `password` varchar(255) NOT NULL,
  `role_id` int NOT NULL DEFAULT '2',
  `status` int NOT NULL DEFAULT '0',
  PRIMARY KEY (`id`),
  UNIQUE KEY `email` (`email`),
  KEY `role_id` (`role_id`),
  CONSTRAINT `role_id` FOREIGN KEY (`role_id`) REFERENCES `role` (`id`)
) ENGINE=InnoDB AUTO_INCREMENT=10 DEFAULT CHARSET=utf8mb4 ;


--
-- Dumping data for table `user`
--


INSERT INTO `user` VALUES (1,'cuong','cuong@gmail.com','1234',2,0),(3,'cuongnd','cuongnd@gmail.com','12341234',2,0),(4,'cuongndn','cuing@gmail.com','12341234',2,0),(5,'ndcuong','cuong2@gmail.com','123412345',1,0),(6,'cuong1','cuong3@gmail.com','12341234',2,1),(7,'cuong','cuongg@gmail.com','12341234',1,0),(8,'cuong123','cuong545@gmail.com','1234',2,0),(9,'cuongle12','cuongng@gmail.com','1234',2,1);



--
-- Table structure for table `feedback`
--


CREATE TABLE `feedback` (
  `id` int NOT NULL AUTO_INCREMENT,
  `name` varchar(100) CHARACTER SET utf8mb3 COLLATE utf8mb3_general_ci NOT NULL,
  `email` varchar(100) NOT NULL,
  `subject` varchar(200) CHARACTER SET utf8mb3 COLLATE utf8mb3_general_ci NOT NULL,
  `message` varchar(500) CHARACTER SET utf8mb3 COLLATE utf8mb3_general_ci NOT NULL,
  `created_at` datetime DEFAULT NULL,
  `status` int DEFAULT '0' COMMENT '0: chưa xử lý, 1: đã xử lý',
  `user_id` int NOT NULL,
  PRIMARY KEY (`id`),
  KEY `u_id` (`user_id`),
  CONSTRAINT `u_id` FOREIGN KEY (`user_id`) REFERENCES `user` (`id`)
) ENGINE=InnoDB AUTO_INCREMENT=8 DEFAULT CHARSET=utf8mb4 ;


--
-- Dumping data for table `feedback`
--

INSERT INTO `feedback` VALUES (1,'duy','DUY@gmail.com','nhanh chống','nhanh','2023-08-08 09:28:18',0,4),(2,'duy','duy@gmail.com','nhah','NHANH','2023-08-08 09:31:46',0,4),(3,'d','d@gmail.com','nhanh','NHANH\r\n','2023-08-08 09:40:20',0,4),(4,'D','d@gmail.com','nhnh','nhanh\r\n','2023-08-08 09:41:18',0,4),(5,'nhanh','n@gmail.com','nhanh','nha','2023-08-08 09:41:50',0,4),(6,'d','d@gmail.com','d','d','2023-08-08 09:44:46',0,4),(7,'d','d@gmail.com','nhanh','nhanh','2023-08-10 21:52:48',0,4);


--
-- Table structure for table `order`
--

CREATE TABLE `order` (
  `id` int NOT NULL AUTO_INCREMENT,
  `fullname` varchar(100) CHARACTER SET utf8mb3 COLLATE utf8mb3_general_ci DEFAULT NULL,
  `email` varchar(200) DEFAULT NULL,
  `phonenumber` varchar(20) DEFAULT NULL,
  `address` varchar(500) CHARACTER SET utf8mb3 COLLATE utf8mb3_general_ci DEFAULT NULL,
  `note` varchar(500) CHARACTER SET utf8mb3 COLLATE utf8mb3_general_ci DEFAULT NULL,
  `orderdate` datetime DEFAULT NULL,
  `status` int DEFAULT NULL,
  `total` double DEFAULT NULL,
  `user_id` int DEFAULT NULL,
  PRIMARY KEY (`id`),
  KEY `id_user` (`user_id`),
  CONSTRAINT `id_user` FOREIGN KEY (`user_id`) REFERENCES `user` (`id`) ON DELETE SET NULL
) ENGINE=InnoDB AUTO_INCREMENT=7 DEFAULT CHARSET=utf8mb4 ;


--
-- Dumping data for table `order`
--


INSERT INTO `order` VALUES (2,'hứa duy','hua@gmail.com','0332706233','thanh hóa','giao hàng nhanh chóng','2023-07-07 21:49:45',1,6000000,4),(3,'duy','duy@gmail.com','0332706233','hà nội','sản phẩm yêu thích','2023-08-07 22:00:03',1,12000000,4),(4,'muan ngay nha','ngay@gmail.com','0332706233','thanh hóa triệu sơn','sản phẩm tốt','2023-08-07 22:06:10',2,3000000,4),(5,'mới mua','MUA@gmail.com','0332706233','hà tây hà nội','lê văn anh','2023-08-10 21:54:40',1,22100000,4),(6,'nhahh','nhanh@gmail.com','0332504344','nghệ an','NHANH CHÓNG','2023-08-10 21:58:56',2,1000000,4);


--
-- Table structure for table `orderdetail`
--


CREATE TABLE `orderdetail` (
  `id` int NOT NULL AUTO_INCREMENT,
  `price` double NOT NULL,
  `quantity` int NOT NULL,
  `total` double NOT NULL,
  `product_id` int NOT NULL,
  `order_id` int NOT NULL,
  `status` int DEFAULT NULL,
  PRIMARY KEY (`id`),
  KEY `id_product` (`product_id`),
  KEY `order_id` (`order_id`),
  CONSTRAINT `id_product` FOREIGN KEY (`product_id`) REFERENCES `product` (`id`),
  CONSTRAINT `order_id` FOREIGN KEY (`order_id`) REFERENCES `order` (`id`)
) ENGINE=InnoDB AUTO_INCREMENT=29 DEFAULT CHARSET=utf8mb4 ;


--
-- Dumping data for table `orderdetail`
--

INSERT INTO `orderdetail` VALUES (16,3000000,1,3000000,1,2,2),(17,3000000,1,3000000,2,2,2),(18,3000000,1,3000000,5,3,2),(19,3000000,2,6000000,4,3,2),(20,3000000,1,3000000,2,3,2),(21,3000000,1,3000000,1,4,2),(22,3000000,1,3000000,2,5,2),(23,3000000,2,6000000,3,5,1),(24,3000000,1,3000000,28,5,3),(25,3000000,1,3000000,1,5,1),(26,1100000,1,1100000,41,5,1),(27,3000000,2,6000000,4,5,1),(28,1000000,1,1000000,40,6,2);



--
-- Table structure for table `review`
--


CREATE TABLE `review` (
  `id` int NOT NULL AUTO_INCREMENT,
  `name` varchar(100) CHARACTER SET utf8mb3   NOT NULL,
  `email` varchar(200) NOT NULL,
  `content` varchar(500) CHARACTER SET utf8mb3 NOT NULL,
  `rating` int NOT NULL,
  `product_id` int NOT NULL,
  `created_at` datetime NOT NULL,
  PRIMARY KEY (`id`),
  KEY `idproduct` (`product_id`),
  CONSTRAINT `idproduct` FOREIGN KEY (`product_id`) REFERENCES `product` (`id`)
) ENGINE=InnoDB AUTO_INCREMENT=3 DEFAULT CHARSET=utf8mb4 ;


--
-- Dumping data for table `review`
--


INSERT INTO `review` VALUES (1,'d','d@gmail.com','nhanh chóng',4,1,'2023-08-07 10:37:33'),(2,'duy','duy@gmail.com','sản phẩm tốt',3,3,'2023-08-10 21:44:01');




--
-- Table structure for table `wishlist`
--


CREATE TABLE `wishlist` (
  `id` int NOT NULL AUTO_INCREMENT,
  `product_id` int NOT NULL,
  `user_id` int NOT NULL,
  PRIMARY KEY (`id`),
  KEY `productid` (`product_id`),
  KEY `userid` (`user_id`),
  CONSTRAINT `productid` FOREIGN KEY (`product_id`) REFERENCES `product` (`id`),
  CONSTRAINT `userid` FOREIGN KEY (`user_id`) REFERENCES `user` (`id`) ON DELETE CASCADE
) ENGINE=InnoDB AUTO_INCREMENT=5 DEFAULT CHARSET=utf8mb4 ;
;

--
-- Dumping data for table `wishlist`
--

INSERT INTO `wishlist` VALUES (1,5,4),(2,1,4),(3,29,4),(4,3,4);

